Time,loss,val_loss,batch
1.66893E-06,0.749275029,0.707841304,0
3.33786E-06,0.701295853,0.711798188,1
5.48363E-06,0.651766241,0.689326336,2
6.91414E-06,0.63009727,0.706447723,3
8.58307E-06,0.620344281,0.686750954,4
1.00136E-05,0.60744977,0.682958229,5
1.16825E-05,0.578486025,0.675816268,6
1.33514E-05,0.554783106,0.679824858,7
1.52588E-05,0.545270622,0.667634074,8
1.71661E-05,0.527178884,0.737611616,9
1.90735E-05,0.52178508,,10
2.14577E-05,0.520847738,,11
2.31266E-05,0.51427114,,12
2.45571E-05,0.507088721,,13
2.6226E-05,0.504164934,,14
2.76566E-05,0.511161327,,15
3.00407E-05,0.513341069,,16
3.24249E-05,0.51455915,,17
3.43323E-05,0.523150384,,18
3.60012E-05,0.519570172,,19
3.8147E-05,0.519496799,,20
4.00543E-05,0.515492022,,21
4.19617E-05,0.511624575,,22
4.43459E-05,0.512109756,,23
4.60148E-05,0.510601044,,24
4.74453E-05,0.510620832,,25
4.91142E-05,0.511428833,,26
5.10216E-05,0.511404872,,27
5.26905E-05,0.508153617,,28
5.48363E-05,0.507598162,,29
5.60284E-05,0.504832029,,30
5.81741E-05,0.504879773,,31
6.05583E-05,0.504699051,,32
6.22272E-05,0.508323967,,33
6.38962E-05,0.507791579,,34
6.55651E-05,0.507425487,,35
6.74725E-05,0.505032897,,36
6.93798E-05,0.503488779,,37
7.1764E-05,0.50270921,,38
7.29561E-05,0.500978231,,39
7.43866E-05,0.499057442,,40
7.58171E-05,0.498544365,,41
7.70092E-05,0.495903403,,42
7.89165E-05,0.497806072,,43
8.08239E-05,0.498840153,,44
8.24928E-05,0.498522997,,45
8.44002E-05,0.497041136,,46
8.65459E-05,0.495996803,,47
8.86917E-05,0.495773435,,48
9.17912E-05,0.494857222,,49
9.36985E-05,0.496921986,,50
9.58443E-05,0.498022616,,51
9.77516E-05,0.497334927,,52
9.9659E-05,0.49754712,,53
0.000101566,0.496887773,,54
0.000103712,0.495046467,,55
0.000105143,0.493528664,,56
0.000107527,0.49370411,,57
0.000109434,0.493191093,,58
0.000111341,0.492070049,,59
0.000113487,0.493317872,,60
0.000114918,0.491377115,,61
0.000117064,0.491782308,,62
0.000118494,0.491897017,,63
0.000120163,0.490540355,,64
0.000121832,0.489487737,,65
0.000125885,0.491070479,,66
0.000128746,0.490770221,,67
0.000130177,0.489129394,,68
0.000131845,0.490649402,,69
0.000133753,0.489486903,,70
0.000135899,0.490026951,,71
0.000137329,0.49121359,,72
0.000138998,0.492380351,,73
0.000141382,0.491484433,,74
0.000143528,0.491749316,,75
0.000152826,0.491117686,,76
0.00015521,0.490680248,,77
0.000157356,0.487968683,,78
0.00015974,0.488415807,,79
0.000162125,0.487727165,,80
0.000164986,0.486468673,,81
0.000167608,0.486419231,,82
0.000169754,0.487485021,,83
0.0001719,0.486908287,,84
0.00017333,0.487864465,,85
0.000174522,0.487189293,,86
0.000176668,0.487442613,,87
0.000178814,0.486524522,,88
0.00018096,0.486049026,,89
0.000183105,0.486741692,,90
0.000185013,0.486705691,,91
0.000187397,0.487226963,,92
0.000190496,0.486501724,,93
0.000191927,0.486106485,,94
0.000193357,0.486115456,,95
0.000195265,0.487939119,,96
0.000197411,0.48850441,,97
0.000199795,0.488320023,,98
0.000201941,0.488201171,,99
0.000203133,0.489159495,,100
0.000205517,0.489333928,,101
0.000207901,0.488827795,,102
0.000209808,0.487291336,,103
0.000212193,0.485924035,,104
0.000213861,0.486072779,,105
0.000216246,0.486379951,,106
0.000217915,0.485126525,,107
0.000220299,0.484737247,,108
0.000222445,0.48396337,,109
0.000224829,0.483005255,,110
0.000226498,0.48200044,,111
0.000228882,0.481324762,,112
0.000230789,0.480690777,,113
0.000232458,0.48079437,,114
0.000234127,0.480737627,,115
0.000236273,0.48068589,,116
0.000238419,0.480614215,,117
0.000240088,0.481057227,,118
0.000241756,0.480339855,,119
0.000244141,0.479443103,,120
0.000246286,0.479499876,,121
0.000247717,0.479227632,,122
0.000249386,0.47971344,,123
0.000251532,0.479883879,,124
0.000253439,0.479861379,,125
0.000255585,0.479730874,,126
0.000257254,0.479830086,,127
0.000259876,0.479408622,,128
0.000261784,0.479553044,,129
0.000263453,0.479188055,,130
0.000264883,0.47916016,,131
0.000266314,0.479662985,,132
0.000268698,0.47840181,,133
0.000270367,0.478069901,,134
0.000271797,0.477808237,,135
0.000273466,0.478224933,,136
0.000275373,0.478473663,,137
0.000278234,0.478806973,,138
0.000280142,0.47891137,,139
0.000281572,0.478798032,,140
0.000283718,0.479244709,,141
0.000285625,0.478747666,,142
0.000287533,0.478368133,,143
0.000289679,0.478213459,,144
0.000291586,0.478157729,,145
0.000293732,0.478234798,,146
0.000295401,0.478490353,,147
0.000297546,0.478517532,,148
0.000299931,0.478640348,,149
0.000302553,0.478456259,,150
0.000304222,0.478269875,,151
0.000305891,0.477653712,,152
0.00030756,0.478371501,,153
0.000308752,0.477548897,,154
0.000313759,0.477262497,,155
0.000315428,0.477410883,,156
0.000317335,0.443691492,,0
0.000318766,0.439423025,,1
0.000320196,0.452425361,,2
0.000322819,0.453092217,,3
0.000325203,0.428743511,,4
0.000327587,0.432804227,,5
0.000329494,0.415014416,,6
0.000331402,0.413102329,,7
0.000333071,0.416678786,,8
0.00033474,0.42855221,,9
0.000337362,0.435557187,,10
0.000339508,0.431055278,,11
0.000341654,0.428316653,,12
0.000344038,0.430512011,,13
0.000345945,0.428380847,,14
0.000348568,0.432170242,,15
0.000350237,0.430534422,,16
0.000352144,0.439017177,,17
0.000354767,0.444268078,,18
0.000356913,0.445606768,,19
0.000359535,0.446581066,,20
0.000362158,0.446628571,,21
0.000364065,0.449225038,,22
0.000365257,0.451170444,,23
0.000367165,0.452653915,,24
0.000369549,0.451601654,,25
0.000371218,0.452061117,,26
0.000372648,0.453091055,,27
0.000374794,0.455074072,,28
0.00037694,0.451540321,,29
0.000378609,0.452024758,,30
0.000380754,0.456449091,,31
0.000383139,0.454721093,,32
0.000385284,0.45343703,,33
0.000386477,0.454234362,,34
0.000387669,0.451839864,,35
0.000389814,0.452337623,,36
0.00039196,0.451400846,,37
0.000394344,0.451635063,,38
0.000395775,0.453213871,,39
0.000397921,0.452973753,,40
0.000399828,0.452689171,,41
0.000402212,0.451339155,,42
0.000404358,0.450970203,,43
0.000405788,0.451268762,,44
0.000407934,0.449313045,,45
0.000409603,0.447813332,,46
0.000411987,0.447353482,,47
0.00041461,0.449310035,,48
0.000416279,0.45195663,,49
0.000417948,0.453282177,,50
0.000419378,0.453429252,,51
0.000421524,0.454414785,,52
0.000422955,0.4552311,,53
0.0004251,0.455279738,,54
0.000426769,0.455889612,,55
0.000428677,0.454312384,,56
0.000430822,0.452941447,,57
0.00043273,0.452075899,,58
0.000434637,0.45200336,,59
0.000436306,0.452075481,,60
0.000438213,0.453866363,,61
0.000440598,0.453260303,,62
0.00044179,0.451279879,,63
0.000444412,0.452720523,,64
0.000446558,0.454018831,,65
0.000449419,0.454009384,,66
0.000450373,0.452922493,,67
0.000452042,0.454052567,,68
0.000453711,0.453772992,,69
0.000455141,0.456613839,,70
0.000457525,0.457175463,,71
0.000459194,0.458229184,,72
0.000461578,0.45876056,,73
0.000463963,0.457810014,,74
0.00046587,0.457039535,,75
0.000468016,0.457177401,,76
0.000469923,0.455984592,,77
0.000471115,0.455581516,,78
0.000473261,0.455650747,,79
0.000475407,0.455111086,,80
0.000477076,0.455081582,,81
0.000478506,0.455633044,,82
0.000479698,0.455988199,,83
0.00048089,0.455479294,,84
0.000482321,0.457363397,,85
0.000483751,0.457736611,,86
0.000485659,0.456660479,,87
0.00048852,0.456805587,,88
0.000490665,0.4557015,,89
0.000492334,0.456091285,,90
0.000493526,0.458133131,,91
0.000497341,0.457773387,,92
0.000499249,0.458443373,,93
0.000501633,0.458346397,,94
0.00050354,0.458340019,,95
0.000505924,0.458232522,,96
0.00050807,0.458662301,,97
0.000510216,0.458188802,,98
0.000512362,0.459457994,,99
0.000514507,0.45947054,,100
0.00051713,0.459638268,,101
0.000519276,0.45944798,,102
0.000521183,0.458272755,,103
0.000522614,0.458272338,,104
0.000524282,0.457866102,,105
0.000526428,0.457495779,,106
0.000528574,0.455946088,,107
0.000530481,0.455609113,,108
0.000532866,0.454926729,,109
0.000535488,0.454535931,,110
0.000537872,0.454902649,,111
0.00053978,0.454469025,,112
0.000541925,0.454508483,,113
0.000543833,0.453998387,,114
0.000545025,0.453666002,,115
0.000546932,0.454624414,,116
0.00054884,0.454062104,,117
0.00055027,0.454014748,,118
0.000552654,0.452678829,,119
0.000555038,0.453381896,,120
0.000556469,0.452666581,,121
0.000557899,0.452000141,,122
0.000559807,0.452590734,,123
0.000561953,0.452596039,,124
0.000563622,0.45253253,,125
0.000564814,0.453745514,,126
0.000566721,0.453817159,,127
0.00056839,0.453822583,,128
0.000570059,0.454104841,,129
0.000571728,0.454262912,,130
0.000573635,0.453961104,,131
0.000575542,0.454133987,,132
0.000577927,0.454494953,,133
0.000579834,0.454421759,,134
0.000581264,0.454380095,,135
0.000583172,0.454573244,,136
0.000585079,0.45417732,,137
0.000586987,0.453891397,,138
0.000588417,0.454164356,,139
0.000591278,0.454304785,,140
0.000592709,0.453533858,,141
0.000594139,0.453363329,,142
0.00059557,0.454126477,,143
0.000597477,0.454356432,,144
0.000599146,0.454581678,,145
0.000600576,0.454027295,,146
0.000602245,0.454245895,,147
0.000603914,0.454169959,,148
0.000605583,0.453780115,,149
0.000607014,0.453829318,,150
0.000608683,0.454168022,,151
0.00061059,0.453581512,,152
0.000612736,0.454006851,,153
0.000614405,0.454988837,,154
0.000615597,0.454622179,,155
0.000616789,0.454632968,,156
0.000619411,0.512953639,,0
0.000621319,0.454845309,,1
0.000623465,0.455465764,,2
0.00062561,0.43637538,,3
0.000627518,0.419630527,,4
0.000629663,0.433786422,,5
0.000632524,0.432628721,,6
0.000634193,0.426318586,,7
0.000635624,0.425327092,,8
0.000637531,0.422138751,,9
0.000639677,0.417641997,,10
0.0006423,0.424372464,,11
0.000644207,0.419390619,,12
0.000646353,0.417098045,,13
0.00064826,0.419416487,,14
0.000650644,0.424795896,,15
0.000652313,0.430563986,,16
0.000653982,0.430137783,,17
0.00065589,0.427552819,,18
0.00065732,0.437583625,,19
0.000658989,0.436965317,,20
0.000661373,0.441990763,,21
0.000663042,0.443738163,,22
0.000665188,0.443317294,,23
0.000668287,0.444194138,,24
0.000669479,0.441931546,,25
0.000671625,0.442499995,,26
0.000674009,0.443982542,,27
0.00067544,0.442440093,,28
0.000676632,0.441949308,,29
0.000678301,0.442491114,,30
0.000680208,0.441741139,,31
0.000682116,0.441939563,,32
0.000683308,0.444063008,,33
0.000684738,0.446118504,,34
0.000686884,0.445424438,,35
0.000688553,0.440019876,,36
0.00069046,0.442420751,,37
0.000692368,0.444597989,,38
0.000694036,0.445178032,,39
0.000695944,0.443840921,,40
0.000698328,0.441505969,,41
0.000701189,0.442084014,,42
0.000703573,0.441716373,,43
0.000705481,0.443334967,,44
0.000707388,0.444017828,,45
0.000709057,0.441200018,,46
0.000710726,0.439962029,,47
0.000712395,0.441278666,,48
0.000714779,0.442520499,,49
0.000716925,0.443351269,,50
0.000719786,0.443141669,,51
0.000721693,0.442874223,,52
0.0007236,0.443762988,,53
0.000725508,0.441616833,,54
0.000727415,0.443153828,,55
0.000730276,0.443851531,,56
0.000732422,0.444192678,,57
0.000733852,0.444179028,,58
0.00073576,0.444140553,,59
0.000736952,0.444382638,,60
0.000738382,0.443437517,,61
0.000739813,0.443997085,,62
0.00074172,0.442340672,,63
0.000743151,0.441431046,,64
0.000745296,0.443306416,,65
0.000746965,0.442572802,,66
0.000748873,0.442639172,,67
0.000751257,0.44321245,,68
0.000753641,0.443920016,,69
0.000755787,0.444756687,,70
0.000759363,0.445164263,,71
0.000761271,0.446808636,,72
0.000763178,0.446320295,,73
0.000764847,0.4465532,,74
0.000766516,0.445741653,,75
0.000768423,0.445933908,,76
0.000770092,0.445410669,,77
0.000772238,0.44523257,,78
0.000774384,0.444909662,,79
0.000775814,0.444093645,,80
0.00077796,0.443579227,,81
0.000779867,0.443661422,,82
0.000782251,0.444649756,,83
0.000783443,0.445809633,,84
0.000785589,0.447754443,,85
0.000787497,0.447212666,,86
0.000789642,0.447431654,,87
0.000791073,0.447213769,,88
0.000792503,0.446861178,,89
0.000794411,0.446869582,,90
0.000796318,0.446674913,,91
0.000797749,0.446932644,,92
0.000799656,0.446743309,,93
0.000801086,0.446504533,,94
0.000802755,0.445834965,,95
0.00080514,0.445993841,,96
0.000807047,0.447214335,,97
0.000809193,0.448093265,,98
0.000811338,0.448427886,,99
0.000813246,0.449378669,,100
0.000816345,0.448332012,,101
0.000818253,0.448445171,,102
0.00082016,0.447182178,,103
0.000821829,0.446318716,,104
0.000823975,0.446623832,,105
0.000825644,0.447145522,,106
0.000827312,0.446881086,,107
0.000828505,0.447467387,,108
0.00083065,0.445780009,,109
0.000832319,0.444561392,,110
0.000834227,0.444401085,,111
0.000836372,0.443717957,,112
0.000838041,0.443432122,,113
0.000840664,0.442786992,,114
0.000842571,0.442944974,,115
0.000844717,0.443048984,,116
0.000847101,0.443586618,,117
0.000849009,0.443142414,,118
0.000852108,0.443103939,,119
0.000854731,0.443150014,,120
0.0008564,0.442888826,,121
0.000858068,0.443159997,,122
0.000859737,0.442980677,,123
0.000861645,0.44219172,,124
0.000863552,0.442176968,,125
0.000864983,0.443070531,,126
0.000866413,0.442707241,,127
0.000868559,0.442969114,,128
0.000870466,0.442776412,,129
0.000873566,0.443417668,,130
0.000874996,0.443432808,,131
0.000876665,0.443427444,,132
0.000878811,0.443630427,,133
0.000880718,0.443420261,,134
0.000882149,0.44332251,,135
0.000884056,0.443176568,,136
0.000885963,0.442912161,,137
0.000887871,0.444125324,,138
0.000890017,0.444467455,,139
0.000891447,0.44451043,,140
0.000893116,0.444383711,,141
0.000895739,0.444482446,,142
0.000897408,0.444145083,,143
0.000899792,0.444678724,,144
0.000902891,0.444306105,,145
0.000905037,0.44422254,,146
0.000906706,0.444390327,,147
0.000909567,0.444998711,,148
0.000911236,0.445060223,,149
0.00091362,0.44477278,,150
0.000915051,0.444362789,,151
0.000916958,0.443845958,,152
0.00091815,0.445103496,,153
0.000920057,0.445356905,,154
0.000921965,0.444958717,,155
0.000923634,0.444650292,,156
0.000925303,0.479410172,,0
0.000926495,0.453498572,,1
0.000928164,0.42549625,,2
0.000929832,0.411789566,,3
0.000931978,0.416532099,,4
0.000933409,0.42861259,,5
0.000935316,0.400679916,,6
0.000937223,0.40725553,,7
0.000939846,0.408075094,,8
0.000941515,0.409810126,,9
0.000943899,0.411333084,,10
0.000945568,0.418548971,,11
0.000947714,0.411437482,,12
0.00094986,0.414057881,,13
0.000951767,0.413782239,,14
0.000953674,0.418599337,,15
0.000955343,0.421838909,,16
0.000957489,0.42170471,,17
0.000959635,0.422531575,,18
0.000961542,0.427876145,,19
0.000963688,0.431807667,,20
0.00096488,0.434811145,,21
0.000967026,0.432370514,,22
0.000968218,0.434757143,,23
0.000970364,0.433402777,,24
0.000972509,0.438593745,,25
0.00097394,0.43806994,,26
0.000976086,0.438453883,,27
0.000977516,0.438337058,,28
0.000979424,0.436068743,,29
0.000981808,0.434606373,,30
0.000983953,0.436171085,,31
0.000985146,0.436134636,,32
0.000986576,0.437721044,,33
0.000988483,0.438530177,,34
0.000989676,0.438262641,,35
0.000991344,0.437116414,,36
0.000993252,0.437305003,,37
0.000994921,0.435845047,,38
0.00099659,0.433424562,,39
0.00099802,0.432973444,,40
0.000998974,0.434418768,,41
0.00100112,0.433847219,,42
0.001002789,0.434115499,,43
0.001005411,0.435660332,,44
0.00100708,0.434884578,,45
0.001009464,0.43350935,,46
0.001011372,0.430462122,,47
0.001013041,0.431738406,,48
0.001014709,0.431357205,,49
0.00101614,0.434218615,,50
0.001018763,0.435661614,,51
0.00102067,0.43432647,,52
0.001022816,0.43467468,,53
0.001024723,0.434757739,,54
0.001026869,0.436373532,,55
0.001028776,0.43589589,,56
0.001030445,0.436639398,,57
0.001032352,0.434305906,,58
0.001034021,0.434105575,,59
0.001036167,0.433833152,,60
0.001037836,0.434486598,,61
0.001039505,0.434785336,,62
0.001041889,0.434268922,,63
0.001043081,0.433083862,,64
0.001044273,0.432096779,,65
0.001046419,0.434736967,,66
0.001048088,0.434806824,,67
0.001049995,0.435217917,,68
0.001052618,0.435070217,,69
0.001055241,0.435675174,,70
0.001057625,0.43595612,,71
0.001060247,0.436145276,,72
0.001061916,0.436990649,,73
0.001063824,0.43824479,,74
0.001065731,0.438453227,,75
0.001067638,0.438313514,,76
0.001069546,0.438273638,,77
0.001071453,0.43685174,,78
0.001072884,0.436270237,,79
0.001074076,0.43628484,,80
0.001075745,0.436547577,,81
0.001077652,0.435614794,,82
0.001079082,0.436354369,,83
0.001081228,0.436923116,,84
0.001083851,0.438585073,,85
0.001085758,0.438610166,,86
0.001087904,0.438457042,,87
0.001089811,0.438682914,,88
0.00109148,0.438972741,,89
0.001093626,0.437814534,,90
0.001094818,0.437014818,,91
0.001096249,0.43834129,,92
0.001098633,0.43832612,,93
0.001099586,0.438273698,,94
0.001101017,0.438253909,,95
0.001102209,0.437964886,,96
0.001104116,0.438317358,,97
0.001105785,0.43851757,,98
0.001107454,0.439481854,,99
0.001109362,0.440393478,,100
0.001111507,0.440346599,,101
0.001113176,0.440078616,,102
0.001114607,0.439173907,,103
0.001116276,0.439279079,,104
0.001117945,0.439035028,,105
0.001119852,0.438684851,,106
0.001121759,0.439483255,,107
0.001123428,0.438272923,,108
0.001125336,0.437087357,,109
0.001127243,0.436545044,,110
0.00112915,0.435836792,,111
0.001131535,0.435881466,,112
0.001133204,0.435229093,,113
0.001135111,0.435246468,,114
0.001137495,0.435930341,,115
0.001139164,0.435903877,,116
0.001141071,0.43587181,,117
0.001143694,0.435354978,,118
0.001145124,0.435112327,,119
0.001147032,0.434847683,,120
0.001148224,0.434741437,,121
0.001150131,0.434416533,,122
0.0011518,0.434797466,,123
0.001153946,0.435050637,,124
0.001156092,0.435220152,,125
0.001158237,0.435388386,,126
0.001160383,0.436692715,,127
0.001161575,0.435950547,,128
0.001164198,0.435963392,,129
0.001166582,0.435031772,,130
0.001168728,0.434548557,,131
0.001170635,0.435004354,,132
0.001172543,0.434157312,,133
0.001174212,0.435274005,,134
0.001176119,0.436037302,,135
0.001178265,0.436454147,,136
0.001180172,0.436356902,,137
0.001181602,0.436506301,,138
0.001183033,0.436150849,,139
0.001184702,0.437143922,,140
0.001187086,0.4369995,,141
0.001188755,0.436860383,,142
0.001190662,0.436823934,,143
0.001192808,0.436569542,,144
0.001194477,0.436657608,,145
0.001196384,0.436935991,,146
0.001198292,0.437364638,,147
0.001209259,0.437323332,,148
0.001211166,0.437412411,,149
0.001213312,0.437564582,,150
0.001214743,0.437291801,,151
0.001216412,0.437233865,,152
0.001217842,0.437187046,,153
0.001219034,0.437515259,,154
0.001220703,0.436928689,,155
0.001221895,0.436975539,,156
0.001224041,0.487303644,,0
0.001225948,0.435162067,,1
0.001227856,0.396877021,,2
0.001229763,0.416371435,,3
0.001231432,0.409835041,,4
0.001233578,0.414126277,,5
0.001235008,0.408498019,,6
0.001236677,0.403835863,,7
0.001238346,0.403482288,,8
0.001240015,0.400671422,,9
0.001241922,0.406589001,,10
0.001244545,0.411811799,,11
0.001247406,0.403591156,,12
0.001248837,0.398255914,,13
0.001251698,0.397494227,,14
0.001253366,0.404456496,,15
0.001255512,0.413475871,,16
0.001257658,0.416727871,,17
0.001259804,0.413675755,,18
0.001261473,0.420285136,,19
0.001263142,0.426045775,,20
0.001265287,0.43057096,,21
0.001267433,0.429703146,,22
0.001269341,0.43064943,,23
0.001271248,0.426802933,,24
0.001273394,0.432553709,,25
0.001275778,0.433718652,,26
0.001277685,0.433686227,,27
0.001280308,0.432756603,,28
0.001282692,0.431724191,,29
0.001284838,0.435367882,,30
0.001286507,0.433859587,,31
0.001288414,0.434411228,,32
0.001289606,0.433686554,,33
0.001291513,0.433941692,,34
0.001294136,0.434250057,,35
0.001296043,0.432251245,,36
0.001298189,0.432783931,,37
0.00129962,0.432830364,,38
0.001301289,0.429755837,,39
0.001303196,0.430715978,,40
0.001305342,0.431229949,,41
0.001307487,0.429974258,,42
0.001309633,0.43058759,,43
0.001312971,0.432647079,,44
0.001314878,0.431119472,,45
0.001316786,0.429576457,,46
0.001318693,0.427277923,,47
0.001321554,0.426461935,,48
0.001324415,0.428211361,,49
0.001327038,0.42775166,,50
0.001329422,0.426728547,,51
0.001331568,0.429995596,,52
0.001333475,0.429311812,,53
0.001335621,0.43117705,,54
0.001338005,0.428582847,,55
0.001339436,0.429516047,,56
0.001342058,0.431345254,,57
0.001344919,0.430007249,,58
0.001346827,0.430687547,,59
0.001348972,0.430187404,,60
0.00135088,0.431129158,,61
0.001352072,0.431472391,,62
0.001354218,0.429509133,,63
0.001355886,0.430263013,,64
0.001358032,0.428982615,,65
0.001360178,0.429330498,,66
0.001363039,0.428595662,,67
0.001364946,0.428522974,,68
0.001366377,0.42944175,,69
0.001368046,0.430917561,,70
0.001370192,0.431518376,,71
0.001372099,0.432914346,,72
0.001373529,0.43125239,,73
0.001375914,0.432108611,,74
0.001378059,0.432638675,,75
0.001380444,0.434041053,,76
0.001382113,0.432862639,,77
0.001383305,0.431455195,,78
0.001384497,0.432520628,,79
0.001385927,0.430574536,,80
0.001388073,0.430166572,,81
0.001390219,0.431176394,,82
0.001391411,0.429965973,,83
0.001392603,0.430677176,,84
0.001394272,0.431057543,,85
0.001396656,0.4308002,,86
0.001398563,0.433501333,,87
0.001401186,0.433135808,,88
0.001403093,0.433128059,,89
0.001405478,0.432509929,,90
0.001407146,0.432148069,,91
0.001408815,0.432910055,,92
0.001410723,0.432496667,,93
0.00141263,0.433149785,,94
0.001414299,0.432642221,,95
0.001415968,0.433578283,,96
0.001417398,0.43417114,,97
0.001419306,0.434328586,,98
0.001420498,0.434468567,,99
0.001422644,0.435073525,,100
0.001424551,0.43492496,,101
0.001425982,0.434918165,,102
0.001428366,0.43448621,,103
0.001430511,0.433687776,,104
0.001432896,0.43379274,,105
0.001434326,0.433352023,,106
0.001436234,0.432665944,,107
0.001438141,0.431693405,,108
0.001441002,0.431318909,,109
0.001442671,0.43106088,,110
0.001445532,0.430092961,,111
0.001447916,0.429610372,,112
0.001449347,0.429594249,,113
0.001451492,0.430244863,,114
0.001453876,0.429931194,,115
0.001455784,0.430425882,,116
0.001457453,0.430057555,,117
0.001459122,0.429190636,,118
0.001461267,0.42874521,,119
0.001462698,0.428361744,,120
0.001464367,0.428449452,,121
0.001465559,0.429231048,,122
0.001467466,0.428897709,,123
0.001469374,0.429189175,,124
0.001470804,0.429046839,,125
0.001472712,0.429922491,,126
0.001474619,0.429853946,,127
0.001476765,0.430107474,,128
0.00147891,0.429952413,,129
0.001481295,0.430266261,,130
0.001483202,0.430680096,,131
0.001485586,0.430076033,,132
0.001487494,0.430669397,,133
0.001489401,0.430794567,,134
0.001491308,0.430710465,,135
0.001493216,0.430448771,,136
0.001494884,0.430532992,,137
0.001496792,0.430600077,,138
0.001498699,0.431047946,,139
0.001500845,0.431722641,,140
0.001502037,0.430914015,,141
0.00150466,0.431684583,,142
0.001507282,0.431113005,,143
0.001509428,0.43168056,,144
0.001511335,0.431229383,,145
0.001513004,0.431147963,,146
0.00151515,0.4309403,,147
0.001517296,0.43139106,,148
0.001518965,0.431744337,,149
0.001520872,0.431842774,,150
0.001522541,0.431309253,,151
0.001524448,0.431071997,,152
0.001526594,0.431706667,,153
0.001528025,0.431505859,,154
0.00153017,0.431440979,,155
0.001531601,0.431233734,,156
0.001533508,0.461948842,,0
0.001534939,0.440105557,,1
0.001537085,0.429196268,,2
0.001538754,0.421050191,,3
0.001540184,0.416135252,,4
0.001542568,0.405129343,,5
0.001544476,0.407057434,,6
0.001546383,0.401255369,,7
0.001548529,0.404029131,,8
0.001550436,0.401336581,,9
0.001552105,0.406461149,,10
0.001553535,0.401168257,,11
0.001555681,0.396193445,,12
0.00155735,0.39894262,,13
0.001558542,0.403526336,,14
0.001560211,0.405153751,,15
0.001561642,0.406515986,,16
0.001563549,0.409689903,,17
0.001565933,0.411795139,,18
0.001567602,0.415023655,,19
0.001569748,0.419526458,,20
0.001571178,0.42249012,,21
0.001573324,0.422540247,,22
0.001575232,0.422326475,,23
0.001577139,0.421653777,,24
0.001579762,0.420211196,,25
0.001581669,0.42391184,,26
0.001583576,0.422774822,,27
0.001585722,0.421938211,,28
0.001587629,0.421098232,,29
0.001589537,0.420878947,,30
0.001590729,0.422878236,,31
0.001592875,0.42284441,,32
0.00159502,0.425929189,,33
0.001596689,0.428768873,,34
0.00159812,0.426230073,,35
0.001600027,0.424629241,,36
0.001601934,0.42337814,,37
0.001603842,0.426876545,,38
0.001606226,0.426161677,,39
0.00160861,0.424599528,,40
0.001610518,0.423253149,,41
0.00161171,0.422862202,,42
0.001613617,0.421880543,,43
0.001615524,0.421179354,,44
0.001617193,0.42217052,,45
0.001619339,0.419913441,,46
0.001621485,0.41885969,,47
0.001623631,0.42080915,,48
0.001626253,0.421438664,,49
0.001628399,0.42309612,,50
0.001630545,0.42389074,,51
0.00163269,0.422507912,,52
0.001634359,0.422499627,,53
0.001636505,0.423545122,,54
0.001638889,0.423578948,,55
0.001640797,0.422899216,,56
0.001642942,0.422314644,,57
0.001645088,0.422339141,,58
0.001646996,0.421153337,,59
0.00164938,0.422266126,,60
0.001651764,0.422775924,,61
0.001653671,0.42421785,,62
0.001655817,0.42212683,,63
0.001658201,0.423402816,,64
0.001659393,0.421242952,,65
0.001661539,0.422937274,,66
0.001663208,0.421083719,,67
0.001664877,0.422064751,,68
0.001666546,0.422996253,,69
0.001667976,0.423192203,,70
0.001670122,0.425106466,,71
0.001672029,0.424301475,,72
0.001674414,0.424974889,,73
0.001676559,0.425561547,,74
0.001678467,0.426340818,,75
0.001680613,0.425101131,,76
0.00168252,0.424599767,,77
0.001684904,0.423636049,,78
0.001686573,0.423502862,,79
0.001688004,0.42300114,,80
0.001689911,0.423075557,,81
0.001691818,0.422310203,,82
0.001693964,0.422633111,,83
0.001695871,0.424264312,,84
0.001697779,0.424706072,,85
0.001700163,0.424854457,,86
0.00170207,0.425255686,,87
0.001704454,0.425992996,,88
0.0017066,0.425708234,,89
0.001709223,0.426011264,,90
0.00171113,0.426433176,,91
0.001713514,0.427234858,,92
0.001715899,0.426485866,,93
0.001717806,0.427227348,,94
0.001718998,0.426396817,,95
0.001720667,0.426643491,,96
0.001722097,0.426450729,,97
0.001723528,0.426859051,,98
0.001725435,0.426786184,,99
0.001727104,0.427804202,,100
0.001729012,0.428074002,,101
0.001731634,0.42767024,,102
0.001733065,0.428162903,,103
0.001734495,0.427256644,,104
0.001736879,0.426591545,,105
0.001738548,0.426978141,,106
0.001740456,0.426200986,,107
0.00174284,0.425169915,,108
0.001744509,0.425361603,,109
0.001746655,0.424315542,,110
0.001749039,0.423890173,,111
0.001750469,0.424136579,,112
0.001752138,0.422984481,,113
0.001753807,0.423429519,,114
0.001756191,0.423674524,,115
0.001758337,0.423539251,,116
0.001760721,0.424132615,,117
0.001762629,0.422986954,,118
0.001764059,0.422979891,,119
0.001765966,0.422922969,,120
0.001768112,0.422350138,,121
0.001769781,0.422640592,,122
0.001772404,0.422815353,,123
0.001774073,0.42216149,,124
0.001775503,0.422367066,,125
0.001777172,0.423186898,,126
0.001778841,0.423711091,,127
0.001780272,0.423691869,,128
0.00178194,0.423505783,,129
0.001785278,0.423766494,,130
0.00178647,0.423843652,,131
0.001788378,0.423672915,,132
0.001790047,0.423346519,,133
0.001791716,0.423933178,,134
0.001793623,0.42474854,,135
0.001795769,0.424654096,,136
0.001797676,0.424750715,,137
0.001799583,0.425312549,,138
0.001801491,0.425601244,,139
0.001802921,0.425060242,,140
0.001804352,0.425335884,,141
0.001806021,0.425388575,,142
0.001807451,0.424685597,,143
0.001809359,0.42476368,,144
0.001810789,0.424490988,,145
0.00181222,0.424448043,,146
0.001814365,0.424681455,,147
0.001816273,0.42432487,,148
0.001818657,0.42483139,,149
0.001820564,0.424641639,,150
0.001822948,0.425246,,151
0.001825333,0.424432844,,152
0.00182724,0.424905121,,153
0.001828671,0.424630582,,154
0.001830816,0.424160093,,155
0.001832008,0.424536318,,156
0.0018332,0.381839156,,0
0.001835823,0.417466104,,1
0.001837969,0.448789388,,2
0.001838923,0.417710066,,3
0.001840115,0.427239001,,4
0.001841545,0.422768384,,5
0.001842976,0.41339165,,6
0.001844645,0.397500575,,7
0.001846313,0.401198536,,8
0.001847982,0.405592859,,9
0.001849651,0.400860429,,10
0.00185132,0.397032291,,11
0.001853228,0.388415664,,12
0.001855373,0.387234598,,13
0.001857281,0.396356165,,14
0.00185895,0.399571478,,15
0.001860857,0.403348088,,16
0.001862049,0.402009726,,17
0.001863956,0.41156885,,18
0.001866341,0.415391296,,19
0.001868248,0.418301642,,20
0.001869917,0.415527433,,21
0.001871824,0.418562174,,22
0.001873493,0.416713268,,23
0.001876116,0.419114262,,24
0.001878262,0.419603348,,25
0.001880169,0.42464292,,26
0.001881838,0.420839012,,27
0.001883507,0.418270677,,28
0.001886368,0.420880884,,29
0.001888275,0.423372149,,30
0.001890421,0.424330652,,31
0.001892805,0.425077975,,32
0.001894712,0.423958153,,33
0.001896381,0.423561692,,34
0.001898527,0.42234993,,35
0.001900673,0.421128541,,36
0.001902342,0.420615137,,37
0.001903772,0.421387732,,38
0.001905203,0.424062788,,39
0.001907587,0.421951711,,40
0.001909971,0.420650661,,41
0.001913071,0.419823796,,42
0.00191474,0.420339495,,43
0.001917124,0.419691384,,44
0.00191927,0.418303311,,45
0.001921654,0.417455792,,46
0.001923323,0.417463869,,47
0.001925707,0.417743057,,48
0.001927853,0.417644143,,49
0.00192976,0.418162435,,50
0.001931667,0.417521149,,51
0.001932859,0.417727172,,52
0.001935005,0.419601053,,53
0.001937151,0.42001906,,54
0.001938581,0.419159323,,55
0.001940727,0.418730348,,56
0.001942635,0.418039411,,57
0.00194478,0.416956931,,58
0.001946926,0.418582469,,59
0.001948833,0.420015067,,60
0.001950979,0.419109166,,61
0.001952887,0.418863237,,62
0.001954079,0.41802749,,63
0.001955986,0.419647366,,64
0.00195837,0.418376952,,65
0.001960278,0.417188466,,66
0.001961708,0.418121547,,67
0.001963615,0.417944103,,68
0.001965046,0.418164849,,69
0.001966953,0.419035167,,70
0.001968861,0.419912159,,71
0.001971006,0.419340461,,72
0.001972675,0.420265138,,73
0.001974583,0.421711087,,74
0.00197649,0.42071861,,75
0.001978397,0.421377212,,76
0.001980305,0.421299189,,77
0.00198245,0.41876024,,78
0.001984596,0.419439316,,79
0.001986504,0.418975979,,80
0.001988173,0.419372618,,81
0.001989603,0.419594496,,82
0.002002239,0.418640941,,83
0.002003908,0.420932829,,84
0.002005816,0.422119051,,85
0.0020082,0.421862155,,86
0.002009869,0.421779662,,87
0.002011299,0.421129048,,88
0.002013206,0.420987874,,89
0.002015114,0.420749784,,90
0.002016544,0.420542061,,91
0.002018452,0.421957493,,92
0.002019644,0.421901852,,93
0.002020836,0.4209131,,94
0.002022266,0.421581,,95
0.002023935,0.422015667,,96
0.002025127,0.421576947,,97
0.002026796,0.421957731,,98
0.002028227,0.421755761,,99
0.002029896,0.423279703,,100
0.002032042,0.423518956,,101
0.00203371,0.423698753,,102
0.002036333,0.423025399,,103
0.00203824,0.42242527,,104
0.002039909,0.422169447,,105
0.002042294,0.420883417,,106
0.002044678,0.420623899,,107
0.002046347,0.421076238,,108
0.002048492,0.420135081,,109
0.002050638,0.419580251,,110
0.002052307,0.419186652,,111
0.002053976,0.418311983,,112
0.002056122,0.417722881,,113
0.002058029,0.417480379,,114
0.002061367,0.417490661,,115
0.002063036,0.417063683,,116
0.002064228,0.417807937,,117
0.002065659,0.417798519,,118
0.002067327,0.417467237,,119
0.002068996,0.417453855,,120
0.002073288,0.416927069,,121
0.002074718,0.41652599,,122
0.002076387,0.416533053,,123
0.002077579,0.417770743,,124
0.002079964,0.417764157,,125
0.002081633,0.418612361,,126
0.002083302,0.418508142,,127
0.002085209,0.418385208,,128
0.002086639,0.418684304,,129
0.002088785,0.418686688,,130
0.002090693,0.418535024,,131
0.002091646,0.418732464,,132
0.002093554,0.419162869,,133
0.002095461,0.419628948,,134
0.002097368,0.419446886,,135
0.002098799,0.41939193,,136
0.002100468,0.419025511,,137
0.002101421,0.418582737,,138
0.002102852,0.41954571,,139
0.002104521,0.419219106,,140
0.00210619,0.418998867,,141
0.00210762,0.41868633,,142
0.002109528,0.418846846,,143
0.002111435,0.419171274,,144
0.002113342,0.419104487,,145
0.002115011,0.41963768,,146
0.002116442,0.419709057,,147
0.002118349,0.420733333,,148
0.002120018,0.421336323,,149
0.002122402,0.420618713,,150
0.002123833,0.419905275,,151
0.002125263,0.419974476,,152
0.002127647,0.42046991,,153
0.002128839,0.420020223,,154
0.00213027,0.419822097,,155
0.002131462,0.419642776,,156
0.002133608,0.450982392,,0
0.00213623,0.455865502,,1
0.002138376,0.420624346,,2
0.002139807,0.416840672,,3
0.002140999,0.404732227,,4
0.002142429,0.393045813,,5
0.00214386,0.387891114,,6
0.00214529,0.370171607,,7
0.002147198,0.365840673,,8
0.002148628,0.385943353,,9
0.002150536,0.385722846,,10
0.002152681,0.389707655,,11
0.00215435,0.384933531,,12
0.002156258,0.383772552,,13
0.002157927,0.378966123,,14
0.002159834,0.383143961,,15
0.002161741,0.390242249,,16
0.002163649,0.391058177,,17
0.002165794,0.397212476,,18
0.002167463,0.402595699,,19
0.002168894,0.402581811,,20
0.002171755,0.404474944,,21
0.002172947,0.405570805,,22
0.002174616,0.411326915,,23
0.002176762,0.412163317,,24
0.002178907,0.412921458,,25
0.002180815,0.412340611,,26
0.002182961,0.414482892,,27
0.002184153,0.417606145,,28
0.002185583,0.415325463,,29
0.002188206,0.415392786,,30
0.002191067,0.41363132,,31
0.002192497,0.41151166,,32
0.002194405,0.413699687,,33
0.002195835,0.412409902,,34
0.002197742,0.41586253,,35
0.002199888,0.41328153,,36
0.002201319,0.413040489,,37
0.002203226,0.411565304,,38
0.002204657,0.410683066,,39
0.002206564,0.412100434,,40
0.002209187,0.411385298,,41
0.002211332,0.410621196,,42
0.002213955,0.410908192,,43
0.002215862,0.411584347,,44
0.002218246,0.409110636,,45
0.002219677,0.40864104,,46
0.002221346,0.408262491,,47
0.002223492,0.409554243,,48
0.002225161,0.408008993,,49
0.002226591,0.408643901,,50
0.002229214,0.409963548,,51
0.002231598,0.41022557,,52
0.002233505,0.411064684,,53
0.002235651,0.409895301,,54
0.00223732,0.409032077,,55
0.002239704,0.410006732,,56
0.002241373,0.410284907,,57
0.002243757,0.409977734,,58
0.002245188,0.409659028,,59
0.002248287,0.411076784,,60
0.002249718,0.410699427,,61
0.002251387,0.410235912,,62
0.002253294,0.40996477,,63
0.002255201,0.410256147,,64
0.002257347,0.408046961,,65
0.002258539,0.408952951,,66
0.002260923,0.409888268,,67
0.002262592,0.409451455,,68
0.002263546,0.410551459,,69
0.002265453,0.410024434,,70
0.002267599,0.410664439,,71
0.002269983,0.412424445,,72
0.002271891,0.412519574,,73
0.002274036,0.413836211,,74
0.002275944,0.413944811,,75
0.002277851,0.414079815,,76
0.002280474,0.413813382,,77
0.002281666,0.413051546,,78
0.00228405,0.411760867,,79
0.002285957,0.41195482,,80
0.002287388,0.412102431,,81
0.002289534,0.412133634,,82
0.002291441,0.413085222,,83
0.002292871,0.413612723,,84
0.002294302,0.413725823,,85
0.002295732,0.412961245,,86
0.00229764,0.413531482,,87
0.002298594,0.414116472,,88
0.002299547,0.414394915,,89
0.002301455,0.413438946,,90
0.002303123,0.413285166,,91
0.002305508,0.413772374,,92
0.002307177,0.413665682,,93
0.002308846,0.413202435,,94
0.002310038,0.413769335,,95
0.002312422,0.414779305,,96
0.002314091,0.413943768,,97
0.002315521,0.414319664,,98
0.00231719,0.414740026,,99
0.002318859,0.415411025,,100
0.002320766,0.415044159,,101
0.002322674,0.415511042,,102
0.002323866,0.414556086,,103
0.002325535,0.414451212,,104
0.002327204,0.413989544,,105
0.002329111,0.41400075,,106
0.002330542,0.413512439,,107
0.002331972,0.41338855,,108
0.002334356,0.412919641,,109
0.002336502,0.412685752,,110
0.002337456,0.412167937,,111
0.002339363,0.412438989,,112
0.002340794,0.411096066,,113
0.002342463,0.411467075,,114
0.00234437,0.41137898,,115
0.002346039,0.411060035,,116
0.002347231,0.410866916,,117
0.002348661,0.411085308,,118
0.002350807,0.410839736,,119
0.002352715,0.411136806,,120
0.002354383,0.410229713,,121
0.002356052,0.410160333,,122
0.002358198,0.410679042,,123
0.002360106,0.410747766,,124
0.002361774,0.410811931,,125
0.00236392,0.410404593,,126
0.002365828,0.411326885,,127
0.00236845,0.412109017,,128
0.002370119,0.41175285,,129
0.002371788,0.411896914,,130
0.002373457,0.412374526,,131
0.002375126,0.41256097,,132
0.002376556,0.413024783,,133
0.002378464,0.413089573,,134
0.002380848,0.413538337,,135
0.002382517,0.413135558,,136
0.002384424,0.41307351,,137
0.002386093,0.412952453,,138
0.002388,0.412442654,,139
0.002389669,0.412576228,,140
0.002390862,0.413484991,,141
0.00239253,0.413205504,,142
0.002394438,0.413106084,,143
0.002396584,0.413192183,,144
0.002398252,0.413543761,,145
0.002399921,0.413470179,,146
0.002401114,0.413753778,,147
0.002403021,0.414190471,,148
0.002405167,0.413802028,,149
0.002406836,0.413405806,,150
0.002408981,0.413089573,,151
0.00241065,0.41322723,,152
0.002412081,0.413738757,,153
0.002413988,0.413308531,,154
0.002415895,0.413421094,,155
0.00241828,0.413156927,,156
0.002421379,0.431705683,,0
0.002423763,0.480343938,,1
0.002425909,0.422580481,,2
0.002434254,0.396887749,,3
0.002435446,0.402462393,,4
0.002436876,0.4042449,,5
0.002438545,0.387134731,,6
0.002439976,0.388008684,,7
0.002441883,0.392365813,,8
0.002443314,0.383172601,,9
0.002444744,0.386197865,,10
0.002446175,0.391950727,,11
0.002447844,0.38793245,,12
0.002449989,0.384991378,,13
0.00245142,0.381989151,,14
0.002452612,0.389459282,,15
0.002454519,0.389575243,,16
0.002457142,0.394391358,,17
0.002458811,0.401384473,,18
0.002461433,0.405053318,,19
0.002463818,0.403170735,,20
0.002465248,0.403295487,,21
0.002467871,0.408060998,,22
0.002469301,0.408898979,,23
0.002471209,0.408697098,,24
0.002472639,0.409784019,,25
0.002475023,0.405948848,,26
0.002476931,0.405943304,,27
0.002479076,0.409240037,,28
0.002481699,0.410150737,,29
0.002484322,0.408478081,,30
0.002486467,0.410465747,,31
0.002488852,0.411105543,,32
0.002490282,0.411056757,,33
0.002492189,0.409442335,,34
0.002493858,0.412138671,,35
0.002495289,0.411513627,,36
0.002497196,0.40915677,,37
0.00249958,0.408773839,,38
0.002501726,0.40919584,,39
0.002503157,0.410442114,,40
0.002504587,0.407301396,,41
0.002506256,0.405948937,,42
0.002507925,0.405227363,,43
0.002509594,0.406734496,,44
0.002511501,0.407775998,,45
0.00251317,0.405772567,,46
0.002515078,0.404872298,,47
0.002516985,0.404326618,,48
0.002518654,0.404286087,,49
0.002520323,0.404646963,,50
0.002522469,0.405610025,,51
0.002523661,0.405994385,,52
0.002525091,0.405917972,,53
0.002526522,0.406221747,,54
0.002527714,0.406075686,,55
0.002529383,0.404854,,56
0.00253129,0.406715572,,57
0.002533436,0.405802369,,58
0.002536058,0.405730158,,59
0.002537966,0.40494734,,60
0.002539635,0.404665589,,61
0.002541542,0.405056864,,62
0.002542496,0.403709739,,63
0.002544403,0.403041393,,64
0.002546072,0.405400962,,65
0.002547741,0.407416672,,66
0.002549887,0.406889528,,67
0.002551556,0.405005902,,68
0.002552986,0.406906962,,69
0.002554655,0.408870995,,70
0.002555847,0.409014881,,71
0.002557278,0.409698784,,72
0.002558947,0.408559591,,73
0.002561092,0.409828931,,74
0.002563715,0.409734339,,75
0.002565861,0.408606231,,76
0.002567053,0.406613618,,77
0.00256896,0.407330781,,78
0.002571583,0.408188969,,79
0.002572536,0.408002138,,80
0.002573729,0.407619566,,81
0.002575159,0.406913698,,82
0.002576828,0.407729477,,83
0.002578497,0.408614308,,84
0.002579927,0.40884307,,85
0.002581596,0.408654094,,86
0.002583504,0.409947962,,87
0.002585649,0.409454644,,88
0.00258708,0.409133196,,89
0.002588511,0.409399897,,90
0.002590418,0.408874393,,91
0.002592564,0.408872694,,92
0.002594471,0.409413815,,93
0.002596378,0.409267306,,94
0.00259757,0.409072131,,95
0.002599478,0.409816951,,96
0.002601147,0.409773797,,97
0.002603054,0.410655677,,98
0.002604485,0.410556018,,99
0.002606392,0.410966277,,100
0.002608061,0.411312014,,101
0.002609491,0.41168192,,102
0.00261116,0.410526395,,103
0.002613783,0.409663498,,104
0.002616405,0.410072982,,105
0.002618074,0.409982085,,106
0.002619982,0.408702999,,107
0.002621889,0.408567518,,108
0.002624035,0.408144921,,109
0.002625942,0.407786041,,110
0.002627611,0.40700537,,111
0.002629519,0.406272858,,112
0.002631426,0.405887097,,113
0.002634525,0.405999094,,114
0.002636433,0.406734973,,115
0.002638817,0.406785578,,116
0.002640724,0.407254159,,117
0.002643108,0.4059802,,118
0.002645016,0.405755907,,119
0.002646446,0.405899167,,120
0.002648115,0.405861706,,121
0.002650976,0.405580878,,122
0.00265336,0.405316889,,123
0.002655029,0.405391276,,124
0.002657413,0.405523062,,125
0.002659559,0.406929046,,126
0.002661467,0.407206088,,127
0.002663374,0.406707227,,128
0.00266552,0.406343371,,129
0.002667665,0.406544,,130
0.002669334,0.406654745,,131
0.002670527,0.40764001,,132
0.002672434,0.407020062,,133
0.00267458,0.407405823,,134
0.002676725,0.408437133,,135
0.00267911,0.407912463,,136
0.002681255,0.407616198,,137
0.002682924,0.407180458,,138
0.002684832,0.407635093,,139
0.002686501,0.408024549,,140
0.002689123,0.408509374,,141
0.002691507,0.408069998,,142
0.002693415,0.408382416,,143
0.002694607,0.407950997,,144
0.002696276,0.408170372,,145
0.002698898,0.408287138,,146
0.00270009,0.408250332,,147
0.002708673,0.408320725,,148
0.002710104,0.407775372,,149
0.002712488,0.408365697,,150
0.002714157,0.408332109,,151
0.002716303,0.408038974,,152
0.002718687,0.408767998,,153
0.002719879,0.408696264,,154
0.002721071,0.40811041,,155
0.00272274,0.407976657,,156
0.002723932,0.564661264,,0
0.002725124,0.553115904,,1
0.002727747,0.544924796,,2
0.002729893,0.489247918,,3
0.0027318,0.500557184,,4
0.002733231,0.496293336,,5
0.002735376,0.486971289,,6
0.002737284,0.474852711,,7
0.002739191,0.459292054,,8
0.002740622,0.463396698,,9
0.002742052,0.456538111,,10
0.002743244,0.461496025,,11
0.002744675,0.461333454,,12
0.002746344,0.457027465,,13
0.002748489,0.449245244,,14
0.002750397,0.449659139,,15
0.002752304,0.462110668,,16
0.00275445,0.465465128,,17
0.002756119,0.464331239,,18
0.002759933,0.4741126,,19
0.002761602,0.477438837,,20
0.00276351,0.473371804,,21
0.002764463,0.472911179,,22
0.002766371,0.473448664,,23
0.002768517,0.47567901,,24
0.002770424,0.473966092,,25
0.002772093,0.477772385,,26
0.002774239,0.474977791,,27
0.002775908,0.475920737,,28
0.002777576,0.47467944,,29
0.002779007,0.473832548,,30
0.002780437,0.474509865,,31
0.002781391,0.472404212,,32
0.002784014,0.470969021,,33
0.002785683,0.468619168,,34
0.002787352,0.468349099,,35
0.002790213,0.467413992,,36
0.00279212,0.466846108,,37
0.00279355,0.46773079,,38
0.002795696,0.467356294,,39
0.002796888,0.467810184,,40
0.002798557,0.466486394,,41
0.002800465,0.466571271,,42
0.002801895,0.464433968,,43
0.002804756,0.463333338,,44
0.002807379,0.461613983,,45
0.002809048,0.46032548,,46
0.002810955,0.460519344,,47
0.002812862,0.462574005,,48
0.002814054,0.460730284,,49
0.002815962,0.458697587,,50
0.002818108,0.461094439,,51
0.002819538,0.460973054,,52
0.002820969,0.460672438,,53
0.002822638,0.461467355,,54
0.002825499,0.461245865,,55
0.002827168,0.460799962,,56
0.002829313,0.459428847,,57
0.002832174,0.457982719,,58
0.002834797,0.456950605,,59
0.002836943,0.457696885,,60
0.00283885,0.459015995,,61
0.002839804,0.457708478,,62
0.002841711,0.456084967,,63
0.002843142,0.455822915,,64
0.002845049,0.455693245,,65
0.002846718,0.456675082,,66
0.002848387,0.455529183,,67
0.002850294,0.454277098,,68
0.002852201,0.455468744,,69
0.002854109,0.455013484,,70
0.002855539,0.456541806,,71
0.002858162,0.457447618,,72
0.002860785,0.458730906,,73
0.002862453,0.457973748,,74
0.002864361,0.456301987,,75
0.002866745,0.454990149,,76
0.002868652,0.454407632,,77
0.00287056,0.453986496,,78
0.002872229,0.453478992,,79
0.002874374,0.45238626,,80
0.00287652,0.451534182,,81
0.002877474,0.450511068,,82
0.002879381,0.451851159,,83
0.002881527,0.451863676,,84
0.002883434,0.452893913,,85
0.002885103,0.452978015,,86
0.002886295,0.453896165,,87
0.002888203,0.453818858,,88
0.002889156,0.453994215,,89
0.002891064,0.452944487,,90
0.002893448,0.452861398,,91
0.00289607,0.453711897,,92
0.002897739,0.452558488,,93
0.00289917,0.451580524,,94
0.002901077,0.450969309,,95
0.002903461,0.450851321,,96
0.002905369,0.451682836,,97
0.002906799,0.452712119,,98
0.002908707,0.452390134,,99
0.002911329,0.452195168,,100
0.002912998,0.451434225,,101
0.002914906,0.451034099,,102
0.002916574,0.44995454,,103
0.002918482,0.449736089,,104
0.002920389,0.449154794,,105
0.002923012,0.449767202,,106
0.002924681,0.448366284,,107
0.00292635,0.448184192,,108
0.002928019,0.44697386,,109
0.002929688,0.446043283,,110
0.002932072,0.446128398,,111
0.002934217,0.44500199,,112
0.002936363,0.445261598,,113
0.002938509,0.444852799,,114
0.002940655,0.443968862,,115
0.002942085,0.443918198,,116
0.002943754,0.443860382,,117
0.002945185,0.443919718,,118
0.002946377,0.443183929,,119
0.002947569,0.442717761,,120
0.002948523,0.443075001,,121
0.002951145,0.443144172,,122
0.002953291,0.442300111,,123
0.00295496,0.442105561,,124
0.002957344,0.442091167,,125
0.002959251,0.442863911,,126
0.002960682,0.443453252,,127
0.002961874,0.443397284,,128
0.002963066,0.442716509,,129
0.002964258,0.442999333,,130
0.002965689,0.442692429,,131
0.002968073,0.444124788,,132
0.002970219,0.444219917,,133
0.002971888,0.443591744,,134
0.002973557,0.443268687,,135
0.002975702,0.442278296,,136
0.00297761,0.441958606,,137
0.002979517,0.44147864,,138
0.002981901,0.441493124,,139
0.002983332,0.441665381,,140
0.002985001,0.441388488,,141
0.00298667,0.442083746,,142
0.002989054,0.442424446,,143
0.002990723,0.442462742,,144
0.002991915,0.442012727,,145
0.002993822,0.441489667,,146
0.002995491,0.441691846,,147
0.002996922,0.442436427,,148
0.002998829,0.441363275,,149
0.003004313,0.441403121,,150
0.003005266,0.440760553,,151
0.003006697,0.44117862,,152
0.003008604,0.441932023,,153
0.003009558,0.441207737,,154
0.003011465,0.441577464,,155
0.003013611,0.441290855,,156
