Time,loss,val_auc,batch,,,,
1.90735E-06,0.623445094,0.677352247,0,,,,
4.29153E-06,0.540820479,0.693132357,1,,,,
5.96046E-06,0.582074344,0.689255692,2,,,,
7.39098E-06,0.600833178,0.700286219,3,,,,
1.0252E-05,0.600376308,0.701173984,4,,,,
1.16825E-05,0.586656153,0.697415607,5,,,,
1.38283E-05,0.582807541,0.707565227,6,,,,
1.54972E-05,0.585021853,0.717254131,7,,,,
1.71661E-05,0.57618624,0.714427032,8,,,,
1.88351E-05,0.581917048,0.714121468,9,,,,
2.0504E-05,0.572292387,,10,,,,
2.21729E-05,0.576891482,,11,,,,
2.40803E-05,0.569431841,,12,,,,
2.69413E-05,0.56139487,,13,,,,
2.88486E-05,0.55901593,,14,,,,
3.02792E-05,0.549834251,,15,,,,
3.19481E-05,0.545647025,,16,,,,
3.38554E-05,0.538600326,,17,,,,
3.57628E-05,0.535355926,,18,,,,
3.79086E-05,0.531108022,,19,,,,
3.98159E-05,0.531288624,,20,,,,
4.19617E-05,0.530562162,,21,,,,
4.33922E-05,0.530068696,,22,,,,
4.57764E-05,0.526052952,,23,,,,
4.72069E-05,0.526071191,,24,,,,
4.88758E-05,0.524622858,,25,,,,
5.07832E-05,0.524245262,,26,,,,
5.34058E-05,0.520668149,,27,,,,
5.50747E-05,0.518981993,,28,,,,
5.72205E-05,0.518791854,,29,,,,
5.84126E-05,0.515741408,,30,,,,
6.00815E-05,0.516090631,,31,,,,
6.22272E-05,0.51859796,,32,,,,
6.41346E-05,0.518211961,,33,,,,
6.58035E-05,0.518689752,,34,,,,
6.81877E-05,0.514910936,,35,,,,
6.98566E-05,0.51335454,,36,,,,
7.1764E-05,0.509814441,,37,,,,
7.34329E-05,0.506183088,,38,,,,
7.53403E-05,0.506133854,,39,,,,
7.70092E-05,0.504040241,,40,,,,
7.86781E-05,0.507902443,,41,,,,
8.15392E-05,0.50826174,,42,,,,
8.34465E-05,0.507908404,,43,,,,
8.60691E-05,0.508154035,,44,,,,
8.86917E-05,0.510856748,,45,,,,
9.01222E-05,0.509707689,,46,,,,
9.17912E-05,0.507849395,,47,,,,
9.36985E-05,0.508564174,,48,,,,
9.53674E-05,0.508234382,,49,,,,
9.89437E-05,0.509235203,,50,,,,
0.000100613,0.508207738,,51,,,,
0.000102997,0.509796977,,52,,,,
0.000105143,0.507615328,,53,,,,
0.00010705,0.507119954,,54,,,,
0.000108719,0.506285429,,55,,,,
0.000110865,0.507135034,,56,,,,
0.000113249,0.50959295,,57,,,,
0.000115633,0.509219885,,58,,,,
0.000118494,0.507305086,,59,,,,
0.00012064,0.508101344,,60,,,,
0.00012207,0.506091297,,61,,,,
0.000123739,0.505328536,,62,,,,
0.000125408,0.504153848,,63,,,,
0.000127316,0.502895415,,64,,,,
0.000129223,0.503237009,,65,,,,
0.000131369,0.504129767,,66,,,,
0.000133276,0.505952656,,67,,,,
0.000134945,0.504634917,,68,,,,
0.000136852,0.505148888,,69,,,,
0.00013876,0.504983485,,70,,,,
0.000140667,0.504926801,,71,,,,
0.000142097,0.502981305,,72,,,,
0.000144482,0.502620518,,73,,,,
0.000146389,0.50243789,,74,,,,
0.000148296,0.500492096,,75,,,,
0.000150919,0.499636501,,76,,,,
0.000153303,0.499461353,,77,,,,
0.00015521,0.499497235,,78,,,,
0.000157118,0.498354912,,79,,,,
0.000158787,0.498586833,,80,,,,
0.000160694,0.497650295,,81,,,,
0.000162363,0.49571234,,82,,,,
0.00016427,0.495256096,,83,,,,
0.000166655,0.494967014,,84,,,,
0.0001688,0.496720791,,85,,,,
0.000170231,0.497155547,,86,,,,
0.000172138,0.495790988,,87,,,,
0.000174761,0.495470315,,88,,,,
0.000177145,0.496186793,,89,,,,
0.000178814,0.495176196,,90,,,,
0.000180483,0.494545311,,91,,,,
0.000181913,0.494419932,,92,,,,
0.000184059,0.493783921,,93,,,,
0.000186443,0.492872864,,94,,,,
0.000188351,0.493626565,,95,,,,
0.000190258,0.493213177,,96,,,,
0.000192404,0.492871225,,97,,,,
0.000194073,0.492165565,,98,,,,
0.000196218,0.491078138,,99,,,,
0.000197887,0.489962935,,100,,,,
0.000200272,0.488745064,,101,,,,
0.000202417,0.488629788,,102,,,,
0.000204325,0.490013927,,103,,,,
0.000206947,0.488989949,,104,,,,
0.000208139,0.489463806,,105,,,,
0.000209332,0.489519,,106,,,,
0.000210762,0.49016726,,107,,,,
0.000212193,0.489457011,,108,,,,
0.0002141,0.488671452,,109,,,,
0.000215769,0.488849789,,110,,,,
0.000217438,0.487856567,,111,,,,
0.000219107,0.487542987,,112,,,,
0.000221252,0.487518251,,113,,,,
0.000223398,0.487872273,,114,,,,
0.000225782,0.488750815,,115,,,,
0.000228167,0.488178641,,116,,,,
0.000230551,0.487835467,,117,,,,
0.000232458,0.487090826,,118,,,,
0.000234842,0.486638337,,119,,,,
0.000236511,0.486232579,,120,,,,
0.000238895,0.487008452,,121,,,,
0.000240803,0.486776441,,122,,,,
0.000242233,0.486867577,,123,,,,
0.000244141,0.486394376,,124,,,,
0.000246286,0.487667024,,125,,,,
0.000248194,0.487266034,,126,,,,
0.00025034,0.4873209,,127,,,,
0.000251532,0.487591982,,128,,,,
0.000254393,0.488535792,,129,,,,
0.000256062,0.487886757,,130,,,,
0.000257969,0.487985492,,131,,,,
0.000260115,0.487968266,,132,,,,
0.000261545,0.487883657,,133,,,,
0.000263453,0.488505542,,134,,,,
0.000264645,0.488026351,,135,,,,
0.000266314,0.488468796,,136,,,,
0.000268459,0.487936378,,137,,,,
0.000270128,0.48730287,,138,,,,
0.000272036,0.487182945,,139,,,,
0.000273943,0.486644506,,140,,,,
0.000276327,0.486299813,,141,,,,
0.000278711,0.486728221,,142,,,,
0.000281334,0.4873555,,143,,,,
0.00028348,0.486194104,,144,,,,
0.000285149,0.486386806,,145,,,,
0.000287056,0.485854596,,146,,,,
0.000289202,0.485150725,,147,,,,
0.000292301,0.484615803,,148,,,,
0.000294209,0.484327704,,149,,,,
0.000296831,0.484058112,,150,,,,
0.000299692,0.483828694,,151,,,,
0.000301361,0.484169066,,152,,,,
0.000303507,0.484077811,,153,,,,
0.000304937,0.484301209,,154,,,,
0.000306606,0.484618217,,155,,,,
0.000308752,0.48467052,,156,,,,
0.000310659,0.448829442,,0,,,,
0.000313044,0.511745036,,1,,,,
0.000315666,0.510106385,,2,,,,
0.000317812,0.494673848,,3,,,,
0.000320196,0.502103209,,4,,,,
0.00032258,0.480941981,,5,,,,
0.000324488,0.498726696,,6,,,,
0.000326872,0.49466753,,7,,,,
0.000328779,0.49869144,,8,,,,
0.000331163,0.497733682,,9,,,,
0.000333309,0.499265015,,10,,,,
0.000335217,0.492422104,,11,,,,
0.000337124,0.491530955,,12,,,,
0.00033927,0.482801437,,13,,,,
0.000342131,0.48367393,,14,,,,
0.000344753,0.48459956,,15,,,,
0.000347376,0.478427649,,16,,,,
0.000349045,0.477745056,,17,,,,
0.000351429,0.479117453,,18,,,,
0.000353336,0.475136608,,19,,,,
0.000355482,0.468918532,,20,,,,
0.000358105,0.474137753,,21,,,,
0.000360489,0.470171094,,22,,,,
0.000362873,0.470490009,,23,,,,
0.000365019,0.470417202,,24,,,,
0.000367641,0.471709192,,25,,,,
0.00036931,0.469456851,,26,,,,
0.000370741,0.467082441,,27,,,,
0.000373363,0.469377577,,28,,,,
0.000375986,0.469825804,,29,,,,
0.000377178,0.46989125,,30,,,,
0.000378609,0.472016543,,31,,,,
0.000379801,0.471541792,,32,,,,
0.000382423,0.469421685,,33,,,,
0.000384331,0.470572293,,34,,,,
0.000386953,0.46909529,,35,,,,
0.000389338,0.465663612,,36,,,,
0.000391006,0.462092847,,37,,,,
0.000392914,0.461799681,,38,,,,
0.000395536,0.46254316,,39,,,,
0.000397444,0.462378293,,40,,,,
0.000399113,0.463717133,,41,,,,
0.000400782,0.464285612,,42,,,,
0.000403166,0.466782838,,43,,,,
0.000404835,0.468165517,,44,,,,
0.000406981,0.47025001,,45,,,,
0.000409365,0.469057053,,46,,,,
0.000411987,0.466948658,,47,,,,
0.000413179,0.466952264,,48,,,,
0.000415564,0.471360922,,49,,,,
0.000417471,0.469922006,,50,,,,
0.00042057,0.469090432,,51,,,,
0.000422001,0.468254447,,52,,,,
0.000423908,0.468305945,,53,,,,
0.000426531,0.468105048,,54,,,,
0.000428438,0.467207134,,55,,,,
0.000430107,0.468770117,,56,,,,
0.000431776,0.470460713,,57,,,,
0.000433445,0.471626401,,58,,,,
0.000435352,0.471559137,,59,,,,
0.000437498,0.47155416,,60,,,,
0.000439167,0.470843017,,61,,,,
0.000441313,0.470182985,,62,,,,
0.000443935,0.470345795,,63,,,,
0.00044632,0.470175624,,64,,,,
0.000448942,0.471555948,,65,,,,
0.000452042,0.472626179,,66,,,,
0.000454187,0.472628027,,67,,,,
0.000456095,0.47132653,,68,,,,
0.000458479,0.47143659,,69,,,,
0.000460863,0.471825719,,70,,,,
0.00046277,0.470535338,,71,,,,
0.000465155,0.47079441,,72,,,,
0.000468016,0.469708681,,73,,,,
0.000469685,0.468986779,,74,,,,
0.000471592,0.469537795,,75,,,,
0.000473499,0.468954057,,76,,,,
0.000475883,0.466945708,,77,,,,
0.000477552,0.465779662,,78,,,,
0.000479698,0.465506554,,79,,,,
0.000482798,0.465040892,,80,,,,
0.000485182,0.464386553,,81,,,,
0.000487089,0.464780331,,82,,,,
0.000488997,0.465891927,,83,,,,
0.000490665,0.465875834,,84,,,,
0.000492573,0.465241581,,85,,,,
0.000494719,0.465222269,,86,,,,
0.000497103,0.465687931,,87,,,,
0.000499249,0.465274125,,88,,,,
0.000501633,0.465937972,,89,,,,
0.000503063,0.466106921,,90,,,,
0.000504971,0.465632349,,91,,,,
0.000514269,0.465488106,,92,,,,
0.00051713,0.465788007,,93,,,,
0.000518799,0.465334147,,94,,,,
0.000520945,0.465123981,,95,,,,
0.000522852,0.465167105,,96,,,,
0.000525236,0.464653164,,97,,,,
0.000528336,0.463998348,,98,,,,
0.000530005,0.462051928,,99,,,,
0.00053215,0.461424083,,100,,,,
0.000534534,0.462203205,,101,,,,
0.00053668,0.462798208,,102,,,,
0.000538826,0.463228196,,103,,,,
0.000540018,0.463362157,,104,,,,
0.000541687,0.463575691,,105,,,,
0.000543118,0.463343263,,106,,,,
0.000544786,0.462858796,,107,,,,
0.000546932,0.46286732,,108,,,,
0.000549316,0.461971641,,109,,,,
0.000551224,0.460949689,,110,,,,
0.00055337,0.461190313,,111,,,,
0.000555515,0.460675627,,112,,,,
0.000557423,0.460500926,,113,,,,
0.000559568,0.460503668,,114,,,,
0.000561476,0.461639047,,115,,,,
0.000563145,0.4618586,,116,,,,
0.000565052,0.461846411,,117,,,,
0.000567675,0.462120801,,118,,,,
0.000570059,0.463081151,,119,,,,
0.000572443,0.46244058,,120,,,,
0.000574112,0.461508214,,121,,,,
0.000576496,0.461440921,,122,,,,
0.00057888,0.462003022,,123,,,,
0.000580788,0.462070674,,124,,,,
0.00058341,0.462215543,,125,,,,
0.000585556,0.462789029,,126,,,,
0.000587463,0.46295172,,127,,,,
0.000589371,0.463015288,,128,,,,
0.00059104,0.463494658,,129,,,,
0.000592947,0.462685406,,130,,,,
0.000595331,0.463125944,,131,,,,
0.000597,0.464029819,,132,,,,
0.000599146,0.463895619,,133,,,,
0.000601053,0.463787466,,134,,,,
0.000602961,0.463306665,,135,,,,
0.000605345,0.463577002,,136,,,,
0.000607252,0.462832451,,137,,,,
0.000608683,0.462914735,,138,,,,
0.000611067,0.462969631,,139,,,,
0.000612974,0.462771922,,140,,,,
0.000614643,0.46253854,,141,,,,
0.000617027,0.46227473,,142,,,,
0.000618935,0.462494314,,143,,,,
0.000620604,0.462932408,,144,,,,
0.000622988,0.463225335,,145,,,,
0.000624657,0.462721646,,146,,,,
0.000626087,0.461996853,,147,,,,
0.000627995,0.461144835,,148,,,,
0.00063014,0.46066162,,149,,,,
0.000632524,0.461571455,,150,,,,
0.000634432,0.46156016,,151,,,,
0.000635862,0.461505502,,152,,,,
0.000638008,0.4615587,,153,,,,
0.000640631,0.462227643,,154,,,,
0.0006423,0.461839199,,155,,,,
0.000643969,0.461784482,,156,,,,
0.000646353,0.461691916,,0,,,,
0.00064826,0.503592193,,1,,,,
0.000650644,0.467691183,,2,,,,
0.000653028,0.471645594,,3,,,,
0.000655413,0.472046196,,4,,,,
0.000657797,0.479258806,,5,,,,
0.000659943,0.478668511,,6,,,,
0.000663042,0.494172037,,7,,,,
0.000665188,0.498619974,,8,,,,
0.000666857,0.495388746,,9,,,,
0.000668764,0.486367583,,10,,,,
0.00067091,0.481064796,,11,,,,
0.000672817,0.476315498,,12,,,,
0.000674725,0.475887507,,13,,,,
0.000676632,0.470507771,,14,,,,
0.000679493,0.466653556,,15,,,,
0.000681639,0.461180568,,16,,,,
0.000683546,0.462437958,,17,,,,
0.000685692,0.45941487,,18,,,,
0.000688314,0.458016694,,19,,,,
0.000690699,0.458976924,,20,,,,
0.000693798,0.460237235,,21,,,,
0.000696421,0.454703122,,22,,,,
0.000698566,0.455213547,,23,,,,
0.000700474,0.458064437,,24,,,,
0.000702858,0.457150191,,25,,,,
0.000705242,0.458206505,,26,,,,
0.000707865,0.459940642,,27,,,,
0.000710011,0.454530537,,28,,,,
0.000712156,0.455617905,,29,,,,
0.000714064,0.455509633,,30,,,,
0.000715971,0.458625078,,31,,,,
0.000724077,0.457476616,,32,,,,
0.000725746,0.457593381,,33,,,,
0.000727892,0.458008528,,34,,,,
0.000729561,0.456662118,,35,,,,
0.000731945,0.455618203,,36,,,,
0.000733852,0.451897115,,37,,,,
0.00073576,0.450075597,,38,,,,
0.000737667,0.451264918,,39,,,,
0.000739574,0.450583577,,40,,,,
0.00074172,0.452687949,,41,,,,
0.000743628,0.451069176,,42,,,,
0.000745296,0.454655558,,43,,,,
0.000747681,0.45792377,,44,,,,
0.00074935,0.459849536,,45,,,,
0.000751495,0.459659487,,46,,,,
0.000754118,0.460031062,,47,,,,
0.000756025,0.459790558,,48,,,,
0.000757933,0.459523857,,49,,,,
0.00075984,0.460927665,,50,,,,
0.000761509,0.460993797,,51,,,,
0.000763416,0.459293783,,52,,,,
0.000764847,0.459489107,,53,,,,
0.000766993,0.459670812,,54,,,,
0.000769138,0.457736939,,55,,,,
0.000770807,0.458569646,,56,,,,
0.000772715,0.462043196,,57,,,,
0.000774622,0.460864097,,58,,,,
0.000776529,0.462626964,,59,,,,
0.000778198,0.460947454,,60,,,,
0.000780821,0.462132782,,61,,,,
0.00078249,0.460192859,,62,,,,
0.000784397,0.459654719,,63,,,,
0.000794649,0.459667832,,64,,,,
0.000796556,0.459153324,,65,,,,
0.000798225,0.460186332,,66,,,,
0.000800371,0.459963977,,67,,,,
0.000802279,0.459771216,,68,,,,
0.000804424,0.460246056,,69,,,,
0.000806093,0.460067272,,70,,,,
0.000808239,0.460003704,,71,,,,
0.000810146,0.459424049,,72,,,,
0.000812292,0.458852977,,73,,,,
0.000813961,0.459022671,,74,,,,
0.000815868,0.457703382,,75,,,,
0.000818014,0.457636833,,76,,,,
0.000819683,0.456736356,,77,,,,
0.000821829,0.456039608,,78,,,,
0.000824451,0.455901086,,79,,,,
0.000826597,0.455931783,,80,,,,
0.000828743,0.455271423,,81,,,,
0.000830889,0.454358578,,82,,,,
0.000832558,0.455248147,,83,,,,
0.000834703,0.455659449,,84,,,,
0.000836849,0.454819649,,85,,,,
0.000838757,0.454940349,,86,,,,
0.000840902,0.455547065,,87,,,,
0.000843287,0.455979854,,88,,,,
0.000844479,0.455855399,,89,,,,
0.000846624,0.45595172,,90,,,,
0.000849009,0.455440521,,91,,,,
0.000851154,0.455683261,,92,,,,
0.000852823,0.455664605,,93,,,,
0.000855446,0.454521388,,94,,,,
0.00085783,0.455705285,,95,,,,
0.000859499,0.454535991,,96,,,,
0.000861645,0.454197198,,97,,,,
0.000864506,0.453213513,,98,,,,
0.000866175,0.452006996,,99,,,,
0.000868797,0.450628459,,100,,,,
0.000870466,0.450672388,,101,,,,
0.000872135,0.450866818,,102,,,,
0.000874758,0.450681806,,103,,,,
0.000876427,0.451096624,,104,,,,
0.000877857,0.452099532,,105,,,,
0.000880241,0.452024758,,106,,,,
0.000883102,0.451582164,,107,,,,
0.000885248,0.451538414,,108,,,,
0.000886917,0.450971574,,109,,,,
0.000889063,0.451181233,,110,,,,
0.000890493,0.45116514,,111,,,,
0.000892639,0.45120284,,112,,,,
0.000894547,0.450852305,,113,,,,
0.000896692,0.450506151,,114,,,,
0.000898838,0.450535387,,115,,,,
0.000900507,0.450332433,,116,,,,
0.000902653,0.451946646,,117,,,,
0.00090456,0.452313781,,118,,,,
0.000906229,0.451029718,,119,,,,
0.000914812,0.451038778,,120,,,,
0.000916004,0.451155961,,121,,,,
0.00091815,0.451775879,,122,,,,
0.000920534,0.451289237,,123,,,,
0.00092268,0.45187223,,124,,,,
0.000931263,0.451617271,,125,,,,
0.000932693,0.452810526,,126,,,,
0.000934839,0.452771336,,127,,,,
0.000937462,0.452859104,,128,,,,
0.000939846,0.452924162,,129,,,,
0.000941515,0.452752024,,130,,,,
0.000943422,0.452844411,,131,,,,
0.00094533,0.452483058,,132,,,,
0.000946999,0.452137113,,133,,,,
0.000949144,0.452348828,,134,,,,
0.000950575,0.452607602,,135,,,,
0.000952005,0.452994138,,136,,,,
0.000953674,0.452348739,,137,,,,
0.00095582,0.452735782,,138,,,,
0.000957966,0.453158498,,139,,,,
0.000959873,0.453079075,,140,,,,
0.000962496,0.452904671,,141,,,,
0.00096488,0.453461498,,142,,,,
0.000967264,0.453336865,,143,,,,
0.00096941,0.453040183,,144,,,,
0.000972033,0.452561468,,145,,,,
0.000974417,0.452267021,,146,,,,
0.000976563,0.451993793,,147,,,,
0.000978708,0.451371014,,148,,,,
0.000980616,0.450744212,,149,,,,
0.000982523,0.451025903,,150,,,,
0.000984192,0.451198131,,151,,,,
0.000986576,0.451749802,,152,,,,
0.00098896,0.451600909,,153,,,,
0.000990868,0.452133685,,154,,,,
0.00099349,0.451652616,,155,,,,
0.000995159,0.451547652,,156,,,,
0.000997305,0.450666726,,0,,,,
0.000998974,0.457235366,,1,,,,
0.001000404,0.464154571,,2,,,,
0.00100255,0.469773591,,3,,,,
0.001004696,0.494681448,,4,,,,
0.001006842,0.483914018,,5,,,,
0.001009464,0.488741368,,6,,,,
0.001019955,0.489320755,,7,,,,
0.001022577,0.483960301,,8,,,,
0.001024961,0.476372421,,9,,,,
0.001026869,0.482174009,,10,,,,
0.001028776,0.479655981,,11,,,,
0.001030684,0.476561546,,12,,,,
0.001033068,0.467858762,,13,,,,
0.001034498,0.460850775,,14,,,,
0.00103569,0.462136239,,15,,,,
0.001037598,0.454832792,,16,,,,
0.001039267,0.462313324,,17,,,,
0.001041174,0.458088011,,18,,,,
0.001043081,0.456301063,,19,,,,
0.001045465,0.454725623,,20,,,,
0.001047611,0.462423682,,21,,,,
0.001049995,0.457352668,,22,,,,
0.001052141,0.453654021,,23,,,,
0.001054525,0.453370512,,24,,,,
0.001057148,0.452730834,,25,,,,
0.001058817,0.452963501,,26,,,,
0.001060247,0.454003394,,27,,,,
0.001062393,0.452832013,,28,,,,
0.001064539,0.449958861,,29,,,,
0.001065731,0.451364517,,30,,,,
0.001068354,0.451947868,,31,,,,
0.001070499,0.452842236,,32,,,,
0.001072168,0.451771259,,33,,,,
0.001073837,0.455453068,,34,,,,
0.00107646,0.450492859,,35,,,,
0.001078606,0.45102939,,36,,,,
0.001080275,0.448086649,,37,,,,
0.001083136,0.444917232,,38,,,,
0.001084566,0.444414943,,39,,,,
0.001086235,0.44541344,,40,,,,
0.001087904,0.443467557,,41,,,,
0.00109005,0.444815308,,42,,,,
0.001091957,0.44617036,,43,,,,
0.001093864,0.450501412,,44,,,,
0.001096249,0.451924145,,45,,,,
0.001098394,0.450080633,,46,,,,
0.001100063,0.450310856,,47,,,,
0.001101732,0.452715129,,48,,,,
0.001104116,0.452915698,,49,,,,
0.001106024,0.452361733,,50,,,,
0.00110817,0.450820863,,51,,,,
0.001110315,0.450227231,,52,,,,
0.001111984,0.45140177,,53,,,,
0.001113653,0.451236874,,54,,,,
0.001115561,0.450896561,,55,,,,
0.001117229,0.450247347,,56,,,,
0.001119137,0.452097476,,57,,,,
0.001120567,0.450977385,,58,,,,
0.001122236,0.451734334,,59,,,,
0.001124382,0.451942861,,60,,,,
0.001126528,0.451903909,,61,,,,
0.001128197,0.451753259,,62,,,,
0.001129627,0.452270895,,63,,,,
0.001131058,0.451774836,,64,,,,
0.001132727,0.45176208,,65,,,,
0.001133919,0.452264488,,66,,,,
0.001135826,0.452706039,,67,,,,
0.001138449,0.451888293,,68,,,,
0.001139641,0.451909721,,69,,,,
0.001142263,0.451360464,,70,,,,
0.001144409,0.451228142,,71,,,,
0.00114584,0.451936424,,72,,,,
0.001147747,0.450447172,,73,,,,
0.001149654,0.449564576,,74,,,,
0.001150846,0.45038408,,75,,,,
0.001152992,0.449704409,,76,,,,
0.001155615,0.448578566,,77,,,,
0.001157522,0.446485102,,78,,,,
0.00115943,0.44603309,,79,,,,
0.001161337,0.445448756,,80,,,,
0.00116396,0.446703047,,81,,,,
0.001167059,0.446855426,,82,,,,
0.001169682,0.446499914,,83,,,,
0.00117135,0.446950972,,84,,,,
0.001173019,0.446855992,,85,,,,
0.00117445,0.447081655,,86,,,,
0.00117588,0.447732657,,87,,,,
0.001178265,0.447000057,,88,,,,
0.001180172,0.446471483,,89,,,,
0.001182079,0.446601152,,90,,,,
0.001183748,0.447081119,,91,,,,
0.001185894,0.447247535,,92,,,,
0.001188517,0.446867079,,93,,,,
0.001190662,0.447280735,,94,,,,
0.00119257,0.447001964,,95,,,,
0.001194954,0.446120977,,96,,,,
0.001197577,0.446145415,,97,,,,
0.001199007,0.445199549,,98,,,,
0.001200914,0.444058508,,99,,,,
0.00120306,0.442648232,,100,,,,
0.001204967,0.443234652,,101,,,,
0.001206875,0.44315052,,102,,,,
0.001209736,0.443618834,,103,,,,
0.001212597,0.443458289,,104,,,,
0.001214027,0.443308085,,105,,,,
0.001215935,0.443352491,,106,,,,
0.001217604,0.443503767,,107,,,,
0.001219034,0.443715066,,108,,,,
0.001220942,0.443172038,,109,,,,
0.001224279,0.442901433,,110,,,,
0.001226187,0.442499191,,111,,,,
0.001228333,0.443083227,,112,,,,
0.00123024,0.442999691,,113,,,,
0.001231432,0.442675412,,114,,,,
0.001232624,0.442653716,,115,,,,
0.001234055,0.442822456,,116,,,,
0.001235485,0.443689853,,117,,,,
0.001237631,0.444057286,,118,,,,
0.0012393,0.444792718,,119,,,,
0.00124073,0.44460547,,120,,,,
0.001242161,0.444385141,,121,,,,
0.001244068,0.444756359,,122,,,,
0.001246452,0.443744123,,123,,,,
0.001249075,0.444117278,,124,,,,
0.001251936,0.444450468,,125,,,,
0.001253843,0.44451201,,126,,,,
0.001255512,0.444698811,,127,,,,
0.001257658,0.445578068,,128,,,,
0.001259565,0.445004135,,129,,,,
0.001261473,0.445082873,,130,,,,
0.001263857,0.445021361,,131,,,,
0.001265526,0.445344269,,132,,,,
0.001266956,0.445801735,,133,,,,
0.001268148,0.445328385,,134,,,,
0.001270056,0.444651514,,135,,,,
0.001271248,0.44498381,,136,,,,
0.001274347,0.444493592,,137,,,,
0.001281977,0.444355339,,138,,,,
0.001283884,0.44444719,,139,,,,
0.001285076,0.443690002,,140,,,,
0.001286983,0.444048703,,141,,,,
0.001289368,0.444118083,,142,,,,
0.001291275,0.444281489,,143,,,,
0.001293182,0.444462121,,144,,,,
0.001295328,0.44413048,,145,,,,
0.001296997,0.443892658,,146,,,,
0.001299143,0.443407327,,147,,,,
0.001301289,0.442911863,,148,,,,
0.001302958,0.44286266,,149,,,,
0.001305342,0.443074673,,150,,,,
0.001307011,0.443472803,,151,,,,
0.001309633,0.443384171,,152,,,,
0.001311064,0.443139076,,153,,,,
0.001312494,0.443957329,,154,,,,
0.00131464,0.44370833,,155,,,,
0.001316309,0.443532556,,156,,,,
0.001318693,0.450319171,,0,,,,
0.001320362,0.495369017,,1,,,,
0.001322031,0.466968447,,2,,,,
0.001324177,0.456484199,,3,,,,
0.001326323,0.45395571,,4,,,,
0.001328468,0.468057603,,5,,,,
0.001330137,0.467101574,,6,,,,
0.001332045,0.474695146,,7,,,,
0.00133419,0.474044055,,8,,,,
0.001336098,0.460935742,,9,,,,
0.001338243,0.45271197,,10,,,,
0.001340151,0.460220098,,11,,,,
0.001342773,0.459164977,,12,,,,
0.001345396,0.458665222,,13,,,,
0.001348019,0.455544651,,14,,,,
0.001349926,0.452235252,,15,,,,
0.001351357,0.449236929,,16,,,,
0.001353025,0.446964264,,17,,,,
0.001355171,0.444190741,,18,,,,
0.001357317,0.443938673,,19,,,,
0.001360416,0.445593894,,20,,,,
0.001362801,0.441070259,,21,,,,
0.001364231,0.440260142,,22,,,,
0.001366138,0.437823504,,23,,,,
0.001367807,0.437220842,,24,,,,
0.001370668,0.437542439,,25,,,,
0.001372576,0.437155485,,26,,,,
0.00137496,0.436121136,,27,,,,
0.001377106,0.437460393,,28,,,,
0.001379251,0.436296672,,29,,,,
0.001381874,0.435272187,,30,,,,
0.00138402,0.436564326,,31,,,,
0.001385927,0.437781066,,32,,,,
0.001387596,0.435958475,,33,,,,
0.001389742,0.43796888,,34,,,,
0.001392126,0.437537789,,35,,,,
0.001394033,0.434569269,,36,,,,
0.001396656,0.431723744,,37,,,,
0.001398325,0.432795584,,38,,,,
0.001399994,0.432546526,,39,,,,
0.001402617,0.432349801,,40,,,,
0.001404047,0.435184121,,41,,,,
0.001406193,0.436075091,,42,,,,
0.001408339,0.435713947,,43,,,,
0.001410246,0.43817541,,44,,,,
0.001412392,0.438971281,,45,,,,
0.001413822,0.437880248,,46,,,,
0.001415968,0.437313646,,47,,,,
0.001417398,0.438885987,,48,,,,
0.001419306,0.439495355,,49,,,,
0.001420975,0.439823627,,50,,,,
0.001422882,0.440486878,,51,,,,
0.001425028,0.440745443,,52,,,,
0.001426935,0.441679209,,53,,,,
0.001428843,0.442832559,,54,,,,
0.00143075,0.442870915,,55,,,,
0.001432896,0.442622572,,56,,,,
0.001435518,0.442901522,,57,,,,
0.001437426,0.442616343,,58,,,,
0.00143981,0.443179876,,59,,,,
0.001441002,0.442354262,,60,,,,
0.001443386,0.44015491,,61,,,,
0.001444578,0.440143198,,62,,,,
0.001446962,0.442895323,,63,,,,
0.001449108,0.442611843,,64,,,,
0.001451254,0.443071038,,65,,,,
0.001452684,0.442886233,,66,,,,
0.001455069,0.440475911,,67,,,,
0.001456738,0.4403781,,68,,,,
0.001458883,0.442473859,,69,,,,
0.001461506,0.442103684,,70,,,,
0.001463413,0.441428632,,71,,,,
0.001465082,0.442266345,,72,,,,
0.001466751,0.442433953,,73,,,,
0.001469374,0.440940946,,74,,,,
0.001470804,0.439275801,,75,,,,
0.001472473,0.439170331,,76,,,,
0.001474142,0.43848303,,77,,,,
0.001476049,0.437524974,,78,,,,
0.00147748,0.437352419,,79,,,,
0.001479626,0.437739938,,80,,,,
0.001481295,0.437561363,,81,,,,
0.001483202,0.437823385,,82,,,,
0.001485825,0.437961578,,83,,,,
0.001487494,0.437320113,,84,,,,
0.001489639,0.43792972,,85,,,,
0.001491308,0.438311994,,86,,,,
0.001493454,0.43908146,,87,,,,
0.001495123,0.439574897,,88,,,,
0.001497984,0.440034777,,89,,,,
0.00150013,0.44020614,,90,,,,
0.001501322,0.439806223,,91,,,,
0.001502991,0.439273626,,92,,,,
0.001504421,0.438000172,,93,,,,
0.001505852,0.438002348,,94,,,,
0.001507998,0.438244939,,95,,,,
0.001510143,0.437222898,,96,,,,
0.001512527,0.437973052,,97,,,,
0.001514912,0.437106907,,98,,,,
0.001517534,0.436088055,,99,,,,
0.001518726,0.435691923,,100,,,,
0.001522303,0.434880465,,101,,,,
0.00152421,0.434798241,,102,,,,
0.001525879,0.434504569,,103,,,,
0.001527309,0.434249759,,104,,,,
0.001528978,0.434807658,,105,,,,
0.001530647,0.434954286,,106,,,,
0.001532316,0.435808927,,107,,,,
0.001533985,0.435382694,,108,,,,
0.001535892,0.434939742,,109,,,,
0.001538038,0.435347915,,110,,,,
0.001539946,0.434706151,,111,,,,
0.001541853,0.434074759,,112,,,,
0.001543283,0.434852421,,113,,,,
0.001545191,0.434675604,,114,,,,
0.001547337,0.434203923,,115,,,,
0.001549721,0.433873564,,116,,,,
0.001551867,0.435137004,,117,,,,
0.001554012,0.436119765,,118,,,,
0.00155592,0.436375946,,119,,,,
0.00155735,0.435456276,,120,,,,
0.001559734,0.435320884,,121,,,,
0.001561165,0.434953094,,122,,,,
0.001563072,0.435595274,,123,,,,
0.00156498,0.43572253,,124,,,,
0.001567602,0.435381353,,125,,,,
0.00156951,0.435373455,,126,,,,
0.001572371,0.435937673,,127,,,,
0.001574516,0.436484277,,128,,,,
0.001576424,0.436387807,,129,,,,
0.001578093,0.436426938,,130,,,,
0.001580238,0.436832249,,131,,,,
0.001582146,0.436494201,,132,,,,
0.001583815,0.437435925,,133,,,,
0.00158596,0.436969221,,134,,,,
0.001587868,0.436339229,,135,,,,
0.001590014,0.436611056,,136,,,,
0.001592398,0.437064379,,137,,,,
0.001593828,0.436875939,,138,,,,
0.001596451,0.43650198,,139,,,,
0.001597881,0.436349988,,140,,,,
0.001600027,0.436191857,,141,,,,
0.001601458,0.436071157,,142,,,,
0.001603603,0.436953574,,143,,,,
0.001605511,0.436833292,,144,,,,
0.001607418,0.436273932,,145,,,,
0.001610041,0.435473859,,146,,,,
0.001612425,0.43572709,,147,,,,
0.001613855,0.435084283,,148,,,,
0.001615524,0.434687048,,149,,,,
0.001618147,0.434581518,,150,,,,
0.001619577,0.434911281,,151,,,,
0.001621008,0.435357332,,152,,,,
0.001622438,0.434868217,,153,,,,
0.001624584,0.434984118,,154,,,,
0.001626492,0.435441226,,155,,,,
0.001627922,0.435491502,,156,,,,
0.001629591,0.45154804,,0,,,,
0.001631975,0.427425146,,1,,,,
0.001633644,0.455353349,,2,,,,
0.001635313,0.434817851,,3,,,,
0.001637697,0.450830787,,4,,,,
0.001640081,0.451759309,,5,,,,
0.001641989,0.452872485,,6,,,,
0.001644373,0.462328851,,7,,,,
0.00164628,0.461382747,,8,,,,
0.001647949,0.453342915,,9,,,,
0.001649618,0.453904033,,10,,,,
0.001651764,0.448779106,,11,,,,
0.001653671,0.445545375,,12,,,,
0.001654863,0.444207251,,13,,,,
0.001656771,0.439139098,,14,,,,
0.001658916,0.445264965,,15,,,,
0.001661062,0.442357689,,16,,,,
0.001662731,0.44340542,,17,,,,
0.001665115,0.441188216,,18,,,,
0.001667261,0.438230604,,19,,,,
0.001669884,0.436965048,,20,,,,
0.001671791,0.43553254,,21,,,,
0.001673698,0.433519691,,22,,,,
0.001675129,0.433731198,,23,,,,
0.001676798,0.434150428,,24,,,,
0.001678467,0.435190678,,25,,,,
0.001680374,0.434015602,,26,,,,
0.001682281,0.434850246,,27,,,,
0.001684189,0.430842042,,28,,,,
0.001686096,0.43000111,,29,,,,
0.001688242,0.431088835,,30,,,,
0.001690388,0.430282444,,31,,,,
0.001691818,0.43235445,,32,,,,
0.001693487,0.432915211,,33,,,,
0.001695395,0.43183583,,34,,,,
0.00169754,0.430995584,,35,,,,
0.001699924,0.432041794,,36,,,,
0.001702547,0.429868311,,37,,,,
0.001704216,0.428400487,,38,,,,
0.001705885,0.42823863,,39,,,,
0.001707315,0.427873254,,40,,,,
0.0017097,0.427350283,,41,,,,
0.001711369,0.429757714,,42,,,,
0.001713276,0.429653555,,43,,,,
0.001715183,0.432572037,,44,,,,
0.001716852,0.435073823,,45,,,,
0.001719236,0.435172915,,46,,,,
0.001721859,0.433890462,,47,,,,
0.001723528,0.433838606,,48,,,,
0.001726151,0.433150411,,49,,,,
0.001728296,0.434073269,,50,,,,
0.001731157,0.433321476,,51,,,,
0.001732826,0.4350335,,52,,,,
0.001734972,0.434295237,,53,,,,
0.001736641,0.435073942,,54,,,,
0.00173831,0.435137689,,55,,,,
0.001739979,0.434591025,,56,,,,
0.001742363,0.434938788,,57,,,,
0.001743793,0.435918182,,58,,,,
0.001745701,0.437653571,,59,,,,
0.00174737,0.437728524,,60,,,,
0.0017488,0.436044395,,61,,,,
0.001751661,0.435856253,,62,,,,
0.001753569,0.437805444,,63,,,,
0.001755714,0.437502295,,64,,,,
0.00175786,0.436944515,,65,,,,
0.001760483,0.435507834,,66,,,,
0.001761913,0.43571952,,67,,,,
0.001763344,0.435945451,,68,,,,
0.001764774,0.43530196,,69,,,,
0.001766205,0.435558677,,70,,,,
0.001767635,0.435890108,,71,,,,
0.001769304,0.436341763,,72,,,,
0.001770735,0.43422246,,73,,,,
0.001773119,0.434543699,,74,,,,
0.001774073,0.433467716,,75,,,,
0.001775503,0.432741582,,76,,,,
0.001777172,0.432132572,,77,,,,
0.001778841,0.432684004,,78,,,,
0.00178051,0.432837248,,79,,,,
0.001782656,0.431757361,,80,,,,
0.00178504,0.430650711,,81,,,,
0.001787186,0.430390149,,82,,,,
0.001789331,0.430644184,,83,,,,
0.001791239,0.430859327,,84,,,,
0.001792908,0.430978507,,85,,,,
0.001795292,0.431072444,,86,,,,
0.001797438,0.431513309,,87,,,,
0.001799822,0.431734532,,88,,,,
0.001801968,0.432357907,,89,,,,
0.00180316,0.431867719,,90,,,,
0.001804829,0.431721181,,91,,,,
0.001806498,0.431886852,,92,,,,
0.001807928,0.431565821,,93,,,,
0.001810074,0.431558013,,94,,,,
0.001811504,0.431609392,,95,,,,
0.00181365,0.430287182,,96,,,,
0.001815796,0.430359185,,97,,,,
0.001817942,0.42922163,,98,,,,
0.001819611,0.428207427,,99,,,,
0.001821756,0.428253293,,100,,,,
0.001823664,0.427728027,,101,,,,
0.001825571,0.426751256,,102,,,,
0.001827955,0.427230537,,103,,,,
0.001830339,0.428291768,,104,,,,
0.001832724,0.428785294,,105,,,,
0.001835108,0.428647071,,106,,,,
0.001836777,0.428222299,,107,,,,
0.001838923,0.428194195,,108,,,,
0.001841068,0.428255945,,109,,,,
0.001842737,0.427829742,,110,,,,
0.001843929,0.427079409,,111,,,,
0.001845837,0.427699089,,112,,,,
0.001847982,0.427047551,,113,,,,
0.001849651,0.426922411,,114,,,,
0.00185132,0.426789314,,115,,,,
0.001853228,0.428056329,,116,,,,
0.001854658,0.428031445,,117,,,,
0.001856089,0.427975208,,118,,,,
0.001858711,0.429067969,,119,,,,
0.001859903,0.428926796,,120,,,,
0.001861811,0.429142267,,121,,,,
0.001864195,0.428339034,,122,,,,
0.001866341,0.428998262,,123,,,,
0.001868725,0.429386735,,124,,,,
0.001871109,0.429028779,,125,,,,
0.00187254,0.429827511,,126,,,,
0.001874447,0.430350214,,127,,,,
0.001876116,0.430767208,,128,,,,
0.001878262,0.431091398,,129,,,,
0.001880169,0.430053055,,130,,,,
0.001882076,0.430522054,,131,,,,
0.001884222,0.430618227,,132,,,,
0.001886845,0.43043837,,133,,,,
0.001888752,0.430191606,,134,,,,
0.001891613,0.430303097,,135,,,,
0.001894474,0.429982722,,136,,,,
0.001895905,0.429813236,,137,,,,
0.00189805,0.429162085,,138,,,,
0.001899958,0.429564536,,139,,,,
0.001902342,0.430003285,,140,,,,
0.001904964,0.430317342,,141,,,,
0.001906633,0.430536926,,142,,,,
0.001908064,0.430620432,,143,,,,
0.00191021,0.430442661,,144,,,,
0.001912117,0.429555833,,145,,,,
0.001913548,0.429216892,,146,,,,
0.001916885,0.428432345,,147,,,,
0.0019207,0.428385496,,148,,,,
0.001923561,0.427646041,,149,,,,
0.001925707,0.42778039,,150,,,,
0.001927853,0.428456515,,151,,,,
0.001929998,0.428507477,,152,,,,
0.001931667,0.427931935,,153,,,,
0.001933575,0.428314447,,154,,,,
0.001935482,0.4285447,,155,,,,
0.001936913,0.428658068,,156,,,,
0.001945257,0.42522347,,0,,,,
0.001946926,0.44895789,,1,,,,
0.001949072,0.449658543,,2,,,,
0.001950502,0.439544767,,3,,,,
0.001951694,0.452396095,,4,,,,
0.001953363,0.447442174,,5,,,,
0.001955032,0.441924989,,6,,,,
0.00195694,0.448460817,,7,,,,
0.001958847,0.45812887,,8,,,,
0.001960516,0.45475179,,9,,,,
0.001963139,0.447808474,,10,,,,
0.001965046,0.448913217,,11,,,,
0.001966715,0.446692467,,12,,,,
0.001968384,0.444895774,,13,,,,
0.001970053,0.444691718,,14,,,,
0.00197196,0.443025887,,15,,,,
0.001974344,0.440934986,,16,,,,
0.001975775,0.441690892,,17,,,,
0.001977682,0.441563755,,18,,,,
0.001979351,0.43691811,,19,,,,
0.001980782,0.436417431,,20,,,,
0.001982212,0.430767626,,21,,,,
0.001984596,0.42937097,,22,,,,
0.001986265,0.426873088,,23,,,,
0.001987934,0.426698297,,24,,,,
0.001990318,0.42588836,,25,,,,
0.001992464,0.427373856,,26,,,,
0.00199461,0.423530966,,27,,,,
0.001996517,0.425055087,,28,,,,
0.001998186,0.424411178,,29,,,,
0.001999855,0.425142735,,30,,,,
0.002002001,0.426489413,,31,,,,
0.002004623,0.426145166,,32,,,,
0.002006531,0.42608884,,33,,,,
0.002009392,0.425166339,,34,,,,
0.002011061,0.425171465,,35,,,,
0.002012491,0.425839484,,36,,,,
0.002014875,0.422269374,,37,,,,
0.002016783,0.421290666,,38,,,,
0.002017975,0.419240534,,39,,,,
0.002019882,0.423217595,,40,,,,
0.002021074,0.42404893,,41,,,,
0.002022982,0.423125207,,42,,,,
0.002024889,0.422473252,,43,,,,
0.002026081,0.422744423,,44,,,,
0.002028227,0.426403552,,45,,,,
0.002029896,0.426264584,,46,,,,
0.002031565,0.426824838,,47,,,,
0.002033472,0.425906211,,48,,,,
0.002034903,0.424568772,,49,,,,
0.002036333,0.426089615,,50,,,,
0.002038479,0.426056087,,51,,,,
0.002040625,0.426013529,,52,,,,
0.002042532,0.428849638,,53,,,,
0.002044678,0.42809248,,54,,,,
0.002046824,0.426809132,,55,,,,
0.002048492,0.428697467,,56,,,,
0.002050161,0.428744853,,57,,,,
0.002051353,0.427930295,,58,,,,
0.002053261,0.430316448,,59,,,,
0.00205493,0.429275244,,60,,,,
0.002057076,0.42823112,,61,,,,
0.002058744,0.42767787,,62,,,,
0.002060652,0.428775638,,63,,,,
0.002062321,0.428008378,,64,,,,
0.002065182,0.42798689,,65,,,,
0.002066612,0.428962767,,66,,,,
0.002068043,0.428201437,,67,,,,
0.002070427,0.428055167,,68,,,,
0.002072573,0.428362757,,69,,,,
0.002074957,0.428350806,,70,,,,
0.002076626,0.427995086,,71,,,,
0.002078772,0.42833361,,72,,,,
0.002080679,0.427287459,,73,,,,
0.002082586,0.425965697,,74,,,,
0.002084494,0.425795704,,75,,,,
0.002085924,0.42655766,,76,,,,
0.002087355,0.425172716,,77,,,,
0.002089262,0.425255924,,78,,,,
0.002092361,0.425286382,,79,,,,
0.002094746,0.424107879,,80,,,,
0.002095938,0.423831344,,81,,,,
0.002098083,0.423636883,,82,,,,
0.002099991,0.42453751,,83,,,,
0.002102613,0.424979746,,84,,,,
0.002104282,0.42432496,,85,,,,
0.002105951,0.424156815,,86,,,,
0.002107382,0.424318045,,87,,,,
0.002109766,0.424293637,,88,,,,
0.002111912,0.424472123,,89,,,,
0.002113104,0.424166471,,90,,,,
0.002114773,0.423413247,,91,,,,
0.002117872,0.423724771,,92,,,,
0.00211978,0.423669487,,93,,,,
0.00212121,0.423271716,,94,,,,
0.002124548,0.423673391,,95,,,,
0.002127409,0.42321682,,96,,,,
0.002129555,0.423191696,,97,,,,
0.002131224,0.422676206,,98,,,,
0.002133369,0.42156589,,99,,,,
0.002135277,0.420780212,,100,,,,
0.002136946,0.420487374,,101,,,,
0.002138376,0.420608103,,102,,,,
0.002140284,0.420631289,,103,,,,
0.002141714,0.421053827,,104,,,,
0.002144098,0.422348917,,105,,,,
0.002145767,0.422011644,,106,,,,
0.002146721,0.421432048,,107,,,,
0.00214839,0.422456801,,108,,,,
0.002150297,0.421704412,,109,,,,
0.002152205,0.421498775,,110,,,,
0.00215435,0.421331435,,111,,,,
0.002155542,0.421661466,,112,,,,
0.00215745,0.42115733,,113,,,,
0.002160311,0.421148449,,114,,,,
0.002162695,0.421123534,,115,,,,
0.002164602,0.421565264,,116,,,,
0.00216651,0.421468139,,117,,,,
0.002168417,0.421990544,,118,,,,
0.002170086,0.422255129,,119,,,,
0.002171993,0.422471404,,120,,,,
0.002174616,0.422396868,,121,,,,
0.002175808,0.422296286,,122,,,,
0.002178431,0.422807485,,123,,,,
0.002180099,0.422050625,,124,,,,
0.002182484,0.422325373,,125,,,,
0.002184153,0.42273581,,126,,,,
0.00218606,0.422950447,,127,,,,
0.002188444,0.423100978,,128,,,,
0.00219059,0.423908561,,129,,,,
0.002192736,0.423638761,,130,,,,
0.002194405,0.42295748,,131,,,,
0.002196074,0.424121261,,132,,,,
0.002197981,0.424399287,,133,,,,
0.00219965,0.42384398,,134,,,,
0.002201557,0.423845053,,135,,,,
0.002203941,0.423624963,,136,,,,
0.00220561,0.423995554,,137,,,,
0.002207994,0.423570693,,138,,,,
0.002210379,0.423475266,,139,,,,
0.002212763,0.423305541,,140,,,,
0.002214432,0.423281431,,141,,,,
0.002216339,0.42348671,,142,,,,
0.002218723,0.423381329,,143,,,,
0.002221107,0.423406452,,144,,,,
0.002223015,0.422862947,,145,,,,
0.002224445,0.422246665,,146,,,,
0.002226353,0.421497077,,147,,,,
0.002228975,0.421481907,,148,,,,
0.002231121,0.420963585,,149,,,,
0.00223279,0.421043277,,150,,,,
0.002234459,0.421932131,,151,,,,
0.002236128,0.422129124,,152,,,,
0.002238035,0.421933323,,153,,,,
0.002239466,0.422229797,,154,,,,
0.002241611,0.422088236,,155,,,,
0.002243042,0.422151417,,156,,,,
0.002244711,0.328403831,,0,,,,
0.00224638,0.394525468,,1,,,,
0.002249002,0.384850532,,2,,,,
0.00225091,0.400592208,,3,,,,
0.002252102,0.421639621,,4,,,,
0.002253771,0.450291038,,5,,,,
0.002255917,0.44801122,,6,,,,
0.002258062,0.44276768,,7,,,,
0.002260208,0.443778634,,8,,,,
0.002262115,0.445907295,,9,,,,
0.002263546,0.438261807,,10,,,,
0.002265453,0.439430445,,11,,,,
0.002266884,0.432082623,,12,,,,
0.002269268,0.428567171,,13,,,,
0.002271175,0.430578172,,14,,,,
0.002273321,0.432880759,,15,,,,
0.002275705,0.431907594,,16,,,,
0.002277613,0.426046818,,17,,,,
0.00227952,0.428936899,,18,,,,
0.002281427,0.429978609,,19,,,,
0.002283335,0.427354753,,20,,,,
0.002285719,0.42595759,,21,,,,
0.002286911,0.422844589,,22,,,,
0.002288342,0.421429873,,23,,,,
0.002290487,0.418761939,,24,,,,
0.002292871,0.418581516,,25,,,,
0.002295017,0.421440065,,26,,,,
0.00229764,0.421461314,,27,,,,
0.002299309,0.420666307,,28,,,,
0.002301216,0.417910874,,29,,,,
0.002303123,0.41589424,,30,,,,
0.002305031,0.417833984,,31,,,,
0.0023067,0.421252519,,32,,,,
0.002308846,0.420311868,,33,,,,
0.002310991,0.418902755,,34,,,,
0.002313614,0.418557674,,35,,,,
0.002316236,0.41736728,,36,,,,
0.002318621,0.415602893,,37,,,,
0.002321005,0.415536553,,38,,,,
0.002322674,0.414550871,,39,,,,
0.002324581,0.414280534,,40,,,,
0.002326727,0.415795743,,41,,,,
0.002328396,0.416685402,,42,,,,
0.002330065,0.418475837,,43,,,,
0.002332926,0.419710636,,44,,,,
0.002334833,0.420565903,,45,,,,
0.002336502,0.421200812,,46,,,,
0.002338171,0.42026934,,47,,,,
0.002340078,0.420814991,,48,,,,
0.002341747,0.420121014,,49,,,,
0.002343655,0.422307283,,50,,,,
0.0023458,0.422078729,,51,,,,
0.002347946,0.420183033,,52,,,,
0.002349615,0.420410424,,53,,,,
0.002351046,0.420745671,,54,,,,
0.002352953,0.418346316,,55,,,,
0.00235486,0.420888722,,56,,,,
0.002357006,0.42226392,,57,,,,
0.002359152,0.422296435,,58,,,,
0.002361536,0.421382606,,59,,,,
0.00236392,0.421917677,,60,,,,
0.002366066,0.420584828,,61,,,,
0.002368212,0.4215056,,62,,,,
0.002370119,0.422629863,,63,,,,
0.00237155,0.421338171,,64,,,,
0.002373219,0.422499955,,65,,,,
0.002375364,0.423198313,,66,,,,
0.002377272,0.423054308,,67,,,,
0.002379894,0.422151834,,68,,,,
0.002381325,0.422415584,,69,,,,
0.002382755,0.421379983,,70,,,,
0.002384663,0.422708273,,71,,,,
0.00238657,0.422935039,,72,,,,
0.002388477,0.420941681,,73,,,,
0.002390862,0.420287728,,74,,,,
0.002392292,0.419626355,,75,,,,
0.002394915,0.418504387,,76,,,,
0.002397299,0.418648154,,77,,,,
0.002399445,0.418296635,,78,,,,
0.002400875,0.417750061,,79,,,,
0.002402306,0.41727519,,80,,,,
0.002403498,0.41680932,,81,,,,
0.002405167,0.416423023,,82,,,,
0.002406359,0.416552871,,83,,,,
0.002407789,0.417280883,,84,,,,
0.002409697,0.418179214,,85,,,,
0.002411604,0.419072062,,86,,,,
0.002413511,0.418386817,,87,,,,
0.002415895,0.418958992,,88,,,,
0.00241828,0.418788582,,89,,,,
0.002420425,0.418946892,,90,,,,
0.00242281,0.418542624,,91,,,,
0.002424955,0.41765815,,92,,,,
0.002427101,0.417548686,,93,,,,
0.002429008,0.417896271,,94,,,,
0.002431393,0.417156816,,95,,,,
0.002434015,0.416045606,,96,,,,
0.002435446,0.416844666,,97,,,,
0.002437353,0.416125178,,98,,,,
0.002439499,0.414894551,,99,,,,
0.002441406,0.415114492,,100,,,,
0.002443314,0.415154189,,101,,,,
0.002444983,0.414566696,,102,,,,
0.002446651,0.414647907,,103,,,,
0.00244832,0.415522367,,104,,,,
0.002449751,0.41516909,,105,,,,
0.002452135,0.413868815,,106,,,,
0.002453804,0.414271414,,107,,,,
0.002455473,0.41505909,,108,,,,
0.002456903,0.414853752,,109,,,,
0.002459764,0.414854705,,110,,,,
0.002461672,0.414057225,,111,,,,
0.002463341,0.414028853,,112,,,,
0.002465248,0.413945526,,113,,,,
0.002467155,0.413358033,,114,,,,
0.002469063,0.413446784,,115,,,,
0.002470732,0.414666325,,116,,,,
0.002472401,0.415096283,,117,,,,
0.002473831,0.415407002,,118,,,,
0.002475977,0.415650696,,119,,,,
0.002477884,0.415878505,,120,,,,
0.00248003,0.415903628,,121,,,,
0.002482176,0.415940493,,122,,,,
0.002483845,0.415364355,,123,,,,
0.002485514,0.415615797,,124,,,,
0.002487421,0.415848434,,125,,,,
0.002489328,0.416184068,,126,,,,
0.002491236,0.416722238,,127,,,,
0.002492905,0.416630358,,128,,,,
0.002495527,0.41679132,,129,,,,
0.002497673,0.415749252,,130,,,,
0.002499342,0.417081356,,131,,,,
0.002501249,0.417271435,,132,,,,
0.002502918,0.417509675,,133,,,,
0.002505302,0.417032242,,134,,,,
0.002507925,0.417423218,,135,,,,
0.002510071,0.416959703,,136,,,,
0.002511978,0.416950166,,137,,,,
0.002514124,0.416762441,,138,,,,
0.002516031,0.416750938,,139,,,,
0.0025177,0.417021751,,140,,,,
0.002519131,0.416563004,,141,,,,
0.002536774,0.416257292,,142,,,,
0.002538443,0.416743368,,143,,,,
0.002540112,0.416133195,,144,,,,
0.002542496,0.415985763,,145,,,,
0.002544641,0.415702373,,146,,,,
0.00254631,0.41549775,,147,,,,
0.002547979,0.41546759,,148,,,,
0.002549887,0.415335298,,149,,,,
0.002552748,0.415625095,,150,,,,
0.00255537,0.415314227,,151,,,,
0.002556801,0.415465742,,152,,,,
0.002558231,0.41509679,,153,,,,
0.002560139,0.415504515,,154,,,,
0.002561569,0.415655613,,155,,,,
0.002563,0.415426075,,156,,,,
0.002564192,0.402355731,,0,,,,
0.002566576,0.377466023,,1,,,,
0.002568245,0.428189397,,2,,,,
0.002570152,0.434577584,,3,,,,
0.00257206,0.42649588,,4,,,,
0.002574444,0.42873919,,5,,,,
0.00257659,0.428513944,,6,,,,
0.002578735,0.449728191,,7,,,,
0.002580643,0.440485805,,8,,,,
0.00258255,0.437833309,,9,,,,
0.002584457,0.437442958,,10,,,,
0.002587557,0.434622765,,11,,,,
0.002588987,0.43074888,,12,,,,
0.00259161,0.43121767,,13,,,,
0.002593279,0.428715765,,14,,,,
0.002594471,0.426389337,,15,,,,
0.002597094,0.425089568,,16,,,,
0.002598524,0.422864377,,17,,,,
0.002600193,0.41273576,,18,,,,
0.002602339,0.411617458,,19,,,,
0.002604246,0.415623724,,20,,,,
0.002606153,0.417095482,,21,,,,
0.002608299,0.415686697,,22,,,,
0.002610445,0.417303175,,23,,,,
0.002613068,0.413328528,,24,,,,
0.002614737,0.413714707,,25,,,,
0.002616882,0.41573146,,26,,,,
0.002619267,0.41768828,,27,,,,
0.002620935,0.413901776,,28,,,,
0.002622604,0.413734287,,29,,,,
0.002624512,0.412968725,,30,,,,
0.002626181,0.411855757,,31,,,,
0.00262785,0.413580865,,32,,,,
0.002629995,0.413964659,,33,,,,
0.002631903,0.416172057,,34,,,,
0.002634525,0.414344549,,35,,,,
0.002636194,0.411068827,,36,,,,
0.002638817,0.408229917,,37,,,,
0.002640486,0.408049613,,38,,,,
0.002642393,0.407404989,,39,,,,
0.0026443,0.407860041,,40,,,,
0.002646685,0.408769518,,41,,,,
0.002648354,0.410942376,,42,,,,
0.002650499,0.411376953,,43,,,,
0.002652884,0.412562251,,44,,,,
0.002654791,0.4141846,,45,,,,
0.002657413,0.415337741,,46,,,,
0.002659559,0.416270018,,47,,,,
0.002661943,0.414686084,,48,,,,
0.002664328,0.415008545,,49,,,,
0.00266552,0.414957285,,50,,,,
0.002667189,0.414538831,,51,,,,
0.002669096,0.417708069,,52,,,,
0.002670765,0.417752594,,53,,,,
0.002672911,0.417144418,,54,,,,
0.002674818,0.417221874,,55,,,,
0.002676487,0.41790849,,56,,,,
0.002678871,0.417446971,,57,,,,
0.002681732,0.417450011,,58,,,,
0.00268364,0.41797927,,59,,,,
0.002685547,0.417254329,,60,,,,
0.002687454,0.417321175,,61,,,,
0.0026896,0.416564196,,62,,,,
0.002691269,0.417069763,,63,,,,
0.002693892,0.417152226,,64,,,,
0.002696276,0.417604893,,65,,,,
0.002698183,0.417483956,,66,,,,
0.002700567,0.417038292,,67,,,,
0.002701998,0.416733861,,68,,,,
0.002703667,0.416573852,,69,,,,
0.002705574,0.416151136,,70,,,,
0.002707958,0.415226728,,71,,,,
0.002709389,0.415212572,,72,,,,
0.002711773,0.415223122,,73,,,,
0.002713442,0.414461046,,74,,,,
0.002715349,0.414221615,,75,,,,
0.002717257,0.414876282,,76,,,,
0.002719164,0.415377885,,77,,,,
0.002720833,0.41386804,,78,,,,
0.002722979,0.412564427,,79,,,,
0.002725601,0.412021816,,80,,,,
0.002728224,0.411798388,,81,,,,
0.002730846,0.412510872,,82,,,,
0.002732277,0.41305384,,83,,,,
0.002734423,0.412706792,,84,,,,
0.002736568,0.413270921,,85,,,,
0.002738237,0.413974315,,86,,,,
0.002740145,0.413266063,,87,,,,
0.002748251,0.413527548,,88,,,,
0.00274992,0.41387701,,89,,,,
0.002751827,0.413147718,,90,,,,
0.002753973,0.412839174,,91,,,,
0.002755642,0.412485719,,92,,,,
0.002757311,0.412108004,,93,,,,
0.002759457,0.411931813,,94,,,,
0.002761126,0.412613243,,95,,,,
0.002763033,0.412475109,,96,,,,
0.002765417,0.412362188,,97,,,,
0.002767324,0.410818785,,98,,,,
0.002769947,0.409907103,,99,,,,
0.002771616,0.408927947,,100,,,,
0.002773762,0.408277214,,101,,,,
0.002776623,0.409136087,,102,,,,
0.002778769,0.408298641,,103,,,,
0.002779961,0.408441484,,104,,,,
0.00278163,0.408218443,,105,,,,
0.002783537,0.409117222,,106,,,,
0.002785206,0.409455627,,107,,,,
0.002787352,0.408705175,,108,,,,
0.002788544,0.408960551,,109,,,,
0.002789974,0.409270167,,110,,,,
0.00279212,0.408608735,,111,,,,
0.00279355,0.408841521,,112,,,,
0.002794981,0.408248335,,113,,,,
0.002796888,0.408671349,,114,,,,
0.002798557,0.408414096,,115,,,,
0.002800703,0.408937365,,116,,,,
0.002803087,0.410308391,,117,,,,
0.002804995,0.411350965,,118,,,,
0.002806425,0.41001749,,119,,,,
0.002808094,0.409817368,,120,,,,
0.002809763,0.41052559,,121,,,,
0.002811193,0.410384387,,122,,,,
0.002813339,0.411513746,,123,,,,
0.00281477,0.411549509,,124,,,,
0.002816439,0.411293805,,125,,,,
0.002818584,0.411677688,,126,,,,
0.00282073,0.411360055,,127,,,,
0.002822638,0.411513388,,128,,,,
0.002824545,0.41211465,,129,,,,
0.002827406,0.412100464,,130,,,,
0.002829075,0.412302852,,131,,,,
0.002830505,0.413250715,,132,,,,
0.002832651,0.413754642,,133,,,,
0.002834558,0.413075775,,134,,,,
0.002836227,0.412210643,,135,,,,
0.002838135,0.412214756,,136,,,,
0.002840042,0.412123859,,137,,,,
0.002841949,0.412330687,,138,,,,
0.002844095,0.411925733,,139,,,,
0.002846241,0.411495984,,140,,,,
0.00284791,0.410834193,,141,,,,
0.00284934,0.411236584,,142,,,,
0.002851009,0.411036342,,143,,,,
0.002853155,0.410915554,,144,,,,
0.002854586,0.410454512,,145,,,,
0.002856493,0.409925997,,146,,,,
0.002858877,0.41028744,,147,,,,
0.002860785,0.410448283,,148,,,,
0.002862692,0.40994662,,149,,,,
0.002864599,0.410392463,,150,,,,
0.002866507,0.410304159,,151,,,,
0.002868414,0.410548091,,152,,,,
0.002869844,0.410653532,,153,,,,
0.002871752,0.410731941,,154,,,,
0.002873659,0.410376042,,155,,,,
0.002874613,0.410381109,,156,,,,
0.002875805,0.53300035,,0,,,,
0.002877474,0.501739144,,1,,,,
0.002880096,0.504645467,,2,,,,
0.002881765,0.510378838,,3,,,,
0.002883673,0.499143839,,4,,,,
0.002886534,0.494277328,,5,,,,
0.002888918,0.516461074,,6,,,,
0.002891541,0.515468776,,7,,,,
0.002893686,0.527591944,,8,,,,
0.002895594,0.520944953,,9,,,,
0.002897263,0.534588754,,10,,,,
0.002898455,0.532496035,,11,,,,
0.002899408,0.518186986,,12,,,,
0.002901077,0.519005835,,13,,,,
0.002902269,0.515032589,,14,,,,
0.002903223,0.511643052,,15,,,,
0.00290513,0.507534027,,16,,,,
0.002906561,0.499814361,,17,,,,
0.002909422,0.498853981,,18,,,,
0.002911329,0.501463532,,19,,,,
0.002913713,0.499160171,,20,,,,
0.002915621,0.499467492,,21,,,,
0.00291729,0.497680157,,22,,,,
0.002919436,0.497499973,,23,,,,
0.002920628,0.495704263,,24,,,,
0.002922297,0.500857115,,25,,,,
0.002924204,0.498109668,,26,,,,
0.002925634,0.495726585,,27,,,,
0.002927065,0.494610071,,28,,,,
0.002929211,0.493606985,,29,,,,
0.002930641,0.496354967,,30,,,,
0.002932787,0.497296154,,31,,,,
0.002933741,0.502482355,,32,,,,
0.002935648,0.501124561,,33,,,,
0.002937078,0.49603194,,34,,,,
0.002938986,0.493902951,,35,,,,
0.002940178,0.490841627,,36,,,,
0.002941847,0.487701267,,37,,,,
0.002943993,0.487601101,,38,,,,
0.002945662,0.488372803,,39,,,,
0.00294733,0.48703602,,40,,,,
0.002948761,0.488580555,,41,,,,
0.00295043,0.49032256,,42,,,,
0.00295186,0.493113875,,43,,,,
0.002954006,0.491971701,,44,,,,
0.002955437,0.494842947,,45,,,,
0.002956629,0.493089229,,46,,,,
0.002958536,0.492068261,,47,,,,
0.002960205,0.493682355,,48,,,,
0.002962351,0.493487477,,49,,,,
0.00296402,0.490488768,,50,,,,
0.002965927,0.488749176,,51,,,,
0.002967834,0.488794476,,52,,,,
0.002969027,0.48886016,,53,,,,
0.002970219,0.488892913,,54,,,,
0.002972126,0.487529993,,55,,,,
0.002973557,0.487946719,,56,,,,
0.002975464,0.488742828,,57,,,,
0.002978086,0.489313811,,58,,,,
0.002980232,0.48897621,,59,,,,
0.002982855,0.488921195,,60,,,,
0.002985239,0.488201171,,61,,,,
0.002987146,0.485674143,,62,,,,
0.002988815,0.48577407,,63,,,,
0.002990484,0.48556906,,64,,,,
0.002991676,0.485679865,,65,,,,
0.002992868,0.485416085,,66,,,,
0.002994299,0.484790415,,67,,,,
0.002995729,0.485313922,,68,,,,
0.002997637,0.483582318,,69,,,,
0.003000021,0.485227436,,70,,,,
0.003002405,0.483689636,,71,,,,
0.003003836,0.483332545,,72,,,,
0.003005981,0.482430577,,73,,,,
0.003007412,0.480594993,,74,,,,
0.003008604,0.480490297,,75,,,,
0.00301671,0.47983849,,76,,,,
0.003018618,0.479497015,,77,,,,
0.003020287,0.478158772,,78,,,,
0.003022671,0.47717452,,79,,,,
0.003024578,0.477171004,,80,,,,
0.003027439,0.476128459,,81,,,,
0.003029585,0.47459802,,82,,,,
0.003031254,0.474868417,,83,,,,
0.003033161,0.474025637,,84,,,,
0.00303483,0.47393018,,85,,,,
0.003036261,0.47363925,,86,,,,
0.003038168,0.473971486,,87,,,,
0.003039837,0.47557205,,88,,,,
0.003041983,0.475215137,,89,,,,
0.00304389,0.474455774,,90,,,,
0.003045321,0.473697752,,91,,,,
0.003047466,0.473849744,,92,,,,
0.00304985,0.473271281,,93,,,,
0.003051281,0.473103613,,94,,,,
0.003053188,0.471728653,,95,,,,
0.003054857,0.47189796,,96,,,,
0.003056049,0.471466839,,97,,,,
0.003057957,0.470242321,,98,,,,
0.003059626,0.470110327,,99,,,,
0.003061533,0.46910125,,100,,,,
0.003063679,0.46830681,,101,,,,
0.003065825,0.468007773,,102,,,,
0.003068209,0.468219876,,103,,,,
0.003070593,0.468355268,,104,,,,
0.003072262,0.467740357,,105,,,,
0.003074408,0.467375487,,106,,,,
0.003076077,0.466155291,,107,,,,
0.003077745,0.4662745,,108,,,,
0.003078938,0.466515154,,109,,,,
0.00308013,0.465188771,,110,,,,
0.003083229,0.464862168,,111,,,,
0.003085136,0.464568734,,112,,,,
0.003087044,0.465256095,,113,,,,
0.003089666,0.465067238,,114,,,,
0.003091574,0.464694381,,115,,,,
0.003093243,0.46510765,,116,,,,
0.003094673,0.464712441,,117,,,,
0.003096104,0.465206832,,118,,,,
0.003097534,0.465152264,,119,,,,
0.003099203,0.465442836,,120,,,,
0.00310111,0.465177625,,121,,,,
0.003102541,0.464182109,,122,,,,
0.003103971,0.464568406,,123,,,,
0.003106117,0.464290887,,124,,,,
0.003107786,0.463406354,,125,,,,
0.003109455,0.463194519,,126,,,,
0.003111839,0.463828623,,127,,,,
0.00311327,0.464208812,,128,,,,
0.003115416,0.464294672,,129,,,,
0.003116846,0.463619888,,130,,,,
0.003118515,0.463306308,,131,,,,
0.003120661,0.463131994,,132,,,,
0.003123045,0.46294421,,133,,,,
0.003125191,0.462831587,,134,,,,
0.003127098,0.462290883,,135,,,,
0.003128529,0.462273121,,136,,,,
0.003129959,0.46162951,,137,,,,
0.00313139,0.460616022,,138,,,,
0.003133059,0.461048335,,139,,,,
0.003134251,0.460611939,,140,,,,
0.00313592,0.460781902,,141,,,,
0.003137112,0.460232228,,142,,,,
0.003139257,0.461148322,,143,,,,
0.003141403,0.460859776,,144,,,,
0.003143311,0.460286796,,145,,,,
0.003144741,0.460285991,,146,,,,
0.003147125,0.459314644,,147,,,,
0.003148317,0.459078789,,148,,,,
0.003149509,0.458453923,,149,,,,
0.003150702,0.458024651,,150,,,,
0.003152132,0.458453685,,151,,,,
0.003154278,0.458140761,,152,,,,
0.003155947,0.458390683,,153,,,,
0.003158569,0.4588404,,154,,,,
0.003160715,0.458294451,,155,,,,
0.003163099,0.458247811,,156,,,,
